timestamp,CPU_0(group_0),CPU_64(group_0),CPU_2(group_1),CPU_66(group_1),CPU_4(group_2),CPU_68(group_2),CPU_6(group_3),CPU_70(group_3),CPU_8(group_4),CPU_72(group_4),CPU_10(group_5),CPU_74(group_5),CPU_12(group_6),CPU_76(group_6),CPU_14(group_7),CPU_78(group_7),CPU_16(group_8),CPU_80(group_8),CPU_18(group_9),CPU_82(group_9),CPU_20(group_10),CPU_84(group_10),CPU_22(group_11),CPU_86(group_11),CPU_24(group_12),CPU_88(group_12),CPU_26(group_13),CPU_90(group_13),CPU_28(group_14),CPU_92(group_14),CPU_30(group_15),CPU_94(group_15),CPU_32(group_16),CPU_96(group_16),CPU_34(group_17),CPU_98(group_17),CPU_36(group_18),CPU_100(group_18),CPU_38(group_19),CPU_102(group_19),CPU_40(group_20),CPU_104(group_20),CPU_42(group_21),CPU_106(group_21),CPU_44(group_22),CPU_108(group_22),CPU_46(group_23),CPU_110(group_23),CPU_48(group_24),CPU_112(group_24),CPU_50(group_25),CPU_114(group_25),CPU_52(group_26),CPU_116(group_26)
1770631569.2238886,3.9,2.6,3.6,3.0,2.7,2.0,2.4,3.2,3.3,2.5,2.1,2.5,2.9,2.7,2.0,2.3,2.5,2.5,2.5,2.8,2.4,2.8,1.7,1.7,1.7,1.9,2.0,1.9,2.0,1.8,2.1,2.4,1.6,2.0,2.0,1.8,1.8,2.0,2.1,1.7,1.7,1.7,1.8,1.6,1.7,1.8,1.9,1.8,2.1,2.1,1.9,2.0,2.2,1.7
1770631570.2251718,63.6,55.9,57.1,54.0,63.6,55.4,67.6,56.0,54.0,58.0,55.4,61.6,55.6,53.0,59.0,66.0,54.0,60.8,62.4,58.0,59.0,63.0,14.3,11.3,10.3,12.2,12.2,14.4,17.3,14.3,14.4,20.2,10.1,27.8,13.0,12.1,9.2,12.2,11.1,11.2,10.2,15.2,12.0,12.1,11.2,26.5,16.0,15.6,11.2,11.2,12.1,14.3,12.0,13.3
1770631571.2252412,62.0,62.2,63.0,63.6,58.4,61.4,65.0,68.3,65.7,64.0,61.0,64.7,64.0,63.0,58.4,59.6,61.8,61.4,62.4,61.0,63.0,63.0,12.1,10.3,13.3,12.2,21.0,24.5,12.2,12.1,11.5,11.2,10.1,23.2,12.4,13.3,11.2,12.1,9.4,10.2,11.2,11.2,23.5,14.3,15.3,12.0,12.4,9.2,11.2,8.2,13.4,11.2,12.4,8.3
1770631572.225315,58.6,66.0,66.0,59.0,67.0,62.4,64.6,62.4,63.6,59.6,64.4,60.6,61.6,68.0,57.4,60.0,64.4,64.3,61.6,69.0,68.0,64.4,31.3,18.4,18.7,19.6,19.8,18.6,20.2,21.0,23.2,17.5,18.6,20.2,17.3,22.7,20.2,20.2,19.2,20.8,18.4,22.4,42.9,17.3,23.5,16.2,17.5,22.8,15.5,18.4,17.3,19.4,19.6,19.2
1770631573.2254024,58.6,57.0,53.0,51.5,48.5,52.0,57.4,55.4,53.5,58.0,61.0,52.9,54.4,57.0,56.0,58.4,50.5,59.8,58.0,54.0,50.0,50.0,20.6,12.4,19.2,12.4,14.3,14.3,13.3,15.5,15.2,14.3,13.5,11.3,14.4,11.3,11.3,10.4,15.2,12.1,21.6,10.3,10.3,12.1,25.5,14.3,10.2,12.2,16.3,12.1,13.1,14.0,15.3,12.4
1770631574.225474,61.6,60.4,62.2,57.0,61.8,57.0,63.6,53.0,57.6,60.0,61.0,51.5,62.0,53.0,59.2,58.4,59.6,63.6,57.4,59.8,63.0,50.5,28.6,20.2,19.6,22.7,19.6,20.6,17.5,18.4,19.2,20.2,19.6,20.4,18.4,19.4,20.2,19.4,25.5,18.4,19.0,27.6,17.3,18.7,28.0,18.4,20.2,20.8,17.5,29.6,17.7,23.2,17.7,19.4
1770631575.225542,59.8,54.5,60.0,60.0,58.0,61.8,60.0,58.0,58.4,61.8,57.0,65.7,60.8,58.8,52.9,62.4,56.9,61.4,56.4,61.4,64.0,59.6,20.6,14.3,11.3,15.3,14.3,12.2,16.3,13.3,11.3,12.4,12.2,13.4,9.2,13.4,10.2,23.2,14.0,13.1,12.1,12.1,12.2,11.1,13.3,15.3,13.3,15.0,12.1,19.6,22.0,22.4,11.1,13.1
1770631576.2256224,67.3,71.3,65.7,68.3,63.0,63.7,74.0,66.0,66.3,73.0,67.0,65.3,69.6,72.7,67.3,69.3,67.0,65.7,71.6,67.3,67.0,65.3,14.4,15.6,16.5,17.3,14.6,17.5,13.5,20.6,17.7,17.8,14.4,16.3,14.3,30.3,15.3,20.8,17.3,16.5,14.3,16.3,15.3,17.3,14.4,16.3,17.2,14.4,14.6,15.3,16.5,18.6,16.3,13.4
1770631577.2257936,59.6,63.4,67.0,64.4,61.4,67.3,58.6,64.4,66.0,68.9,66.7,65.3,73.0,68.0,62.1,63.4,64.0,65.3,59.0,63.4,72.5,66.0,15.3,12.4,10.4,11.5,16.2,21.2,14.1,13.1,14.0,11.6,15.0,13.3,9.4,14.3,11.1,12.2,11.3,10.3,12.1,18.6,12.4,13.1,13.4,13.0,14.0,11.1,10.3,12.2,14.1,12.2,12.1,10.3
1770631578.226135,69.0,54.0,70.3,56.6,59.4,51.5,60.4,63.0,57.0,56.0,56.0,65.0,64.1,56.4,61.6,53.5,56.4,58.3,61.2,60.4,60.0,59.6,14.1,10.3,11.2,13.3,16.7,7.3,9.2,15.2,7.1,10.2,8.1,12.1,8.2,13.1,7.2,12.0,8.2,10.2,10.2,9.1,9.1,9.2,10.1,9.2,8.3,9.3,9.2,14.1,8.3,9.2,9.2,8.2
1770631579.2262063,64.4,65.7,60.0,59.8,57.4,60.8,63.7,54.9,65.0,62.7,59.0,59.4,67.0,65.0,63.1,56.4,61.8,59.2,60.8,58.4,62.0,68.0,10.2,13.3,10.3,14.1,9.1,12.1,10.2,9.5,11.3,11.1,7.2,13.1,9.3,11.3,10.3,11.2,30.6,14.1,17.0,12.0,11.2,10.3,9.1,10.2,14.3,10.2,10.1,11.3,9.2,10.1,10.0,14.3
1770631580.2263799,60.4,57.4,65.7,55.4,59.4,60.0,58.0,63.0,58.3,60.0,71.3,59.2,65.3,65.3,65.3,61.4,60.8,62.4,61.8,63.0,67.0,58.0,9.3,6.2,11.3,9.2,9.3,7.1,8.2,9.3,8.2,6.3,8.2,10.2,8.1,8.2,9.1,6.2,14.0,11.2,15.5,7.1,18.8,8.2,7.1,11.2,7.1,8.1,6.2,13.3,7.1,8.2,6.3,8.2
1770631581.226454,59.2,62.0,61.6,59.4,60.0,56.4,57.6,58.0,61.2,66.0,68.3,65.7,55.4,64.1,58.4,56.0,62.0,61.8,58.6,61.0,56.4,70.3,14.1,11.1,9.0,10.3,11.2,11.3,9.0,8.2,8.2,5.2,7.2,7.2,6.3,7.2,7.3,6.1,8.2,9.1,7.1,12.1,9.3,6.3,6.1,8.2,7.1,8.2,5.2,7.1,5.1,6.1,8.0,18.4
1770631582.2265234,57.0,49.0,55.0,50.5,52.0,48.5,51.0,51.0,56.9,54.4,53.5,55.0,57.0,52.5,52.0,50.5,58.0,52.9,59.2,52.4,53.0,46.5,5.1,13.1,4.1,6.1,8.1,6.1,3.1,8.0,5.0,5.1,3.0,5.1,6.1,4.1,5.1,4.0,4.1,5.2,5.1,6.1,5.1,7.0,4.0,9.1,4.1,3.1,5.0,6.1,4.0,5.0,5.1,6.1
1770631583.2271035,57.0,55.0,42.0,51.5,46.5,45.1,48.0,58.4,58.4,52.0,53.5,47.1,50.0,46.6,46.1,54.9,48.5,60.2,49.5,51.0,49.0,44.6,9.2,4.1,5.1,4.1,9.3,5.1,6.2,4.1,9.3,6.1,5.1,28.3,6.1,4.0,3.1,3.1,5.1,5.0,6.1,2.0,5.1,5.1,5.9,7.1,2.0,6.1,3.1,4.1,6.1,5.1,3.1,5.0
1770631584.2271721,58.0,42.4,44.4,41.4,43.6,41.4,49.0,50.0,46.5,50.5,45.5,46.5,55.0,46.1,53.9,52.5,43.6,52.5,51.5,48.0,42.4,49.5,10.1,4.1,4.1,4.1,5.0,3.1,6.0,7.0,5.1,5.1,4.0,30.0,5.1,3.1,7.0,3.0,5.0,4.1,6.1,5.0,11.0,4.0,3.1,3.1,5.1,4.0,6.1,5.1,7.1,5.1,8.1,3.0
1770631585.2272441,53.5,49.0,57.3,57.8,55.4,53.9,51.0,54.5,57.0,52.9,53.4,55.0,48.0,51.5,48.0,46.1,57.8,54.0,55.4,55.4,49.5,52.9,5.2,6.1,6.1,9.1,5.1,7.1,5.2,5.2,4.1,5.2,4.0,5.2,3.1,9.9,4.1,3.1,3.1,10.0,6.1,32.3,5.1,4.1,6.0,7.0,5.1,11.0,5.1,4.0,13.3,4.0,3.1,4.1
1770631586.2273128,52.5,55.4,49.0,55.9,44.0,61.4,55.0,50.0,54.0,50.0,48.5,52.4,48.5,53.5,44.0,53.5,56.4,52.0,54.9,58.4,54.4,48.5,5.1,6.1,5.1,5.2,6.1,4.1,5.2,3.1,6.1,4.1,4.1,5.1,5.1,5.2,5.1,6.1,4.1,7.2,4.1,26.3,7.2,9.0,4.1,7.1,4.0,16.3,5.1,6.1,4.1,4.1,7.1,16.0
1770631587.2273796,37.0,57.4,43.0,48.0,41.2,42.0,45.2,43.0,49.5,40.6,44.1,47.5,41.6,44.1,44.1,39.6,43.6,43.6,44.0,54.9,45.0,36.3,5.1,5.1,5.1,5.2,3.1,4.1,4.0,5.1,2.0,4.0,4.0,3.1,4.0,4.1,4.0,6.1,2.0,5.1,2.0,5.1,3.0,3.1,1.0,4.0,2.0,6.0,2.0,2.0,5.1,1.0,3.0,8.9
1770631588.2275877,40.2,36.0,39.6,35.6,32.7,39.8,38.0,36.3,41.0,41.2,32.0,38.6,39.6,31.4,39.8,46.5,33.0,35.9,35.3,38.6,36.0,45.0,4.1,5.1,5.0,7.0,7.1,7.1,4.0,7.1,5.0,5.1,4.1,5.0,2.0,5.1,4.0,4.0,2.0,4.0,5.1,3.0,3.1,7.0,4.0,2.0,3.0,3.1,3.0,6.1,3.1,5.0,5.0,16.2
1770631589.2276618,47.5,55.9,46.5,50.0,51.5,45.5,52.0,54.5,52.0,52.5,52.0,43.1,51.5,51.5,48.0,45.5,47.5,43.0,49.0,45.1,48.5,48.0,9.1,9.1,9.3,9.2,10.3,9.2,9.1,8.3,6.2,9.2,22.4,7.1,8.2,15.2,28.6,9.2,15.2,9.3,6.1,9.4,9.0,9.2,9.1,8.2,7.1,8.2,6.2,7.1,8.1,6.2,8.2,7.1
1770631590.2281759,47.1,58.8,41.6,58.8,43.1,54.5,51.5,51.5,47.1,47.6,43.0,52.9,47.5,54.9,55.4,48.5,51.5,54.5,47.6,46.6,48.0,53.9,5.0,4.1,3.1,3.1,3.1,2.0,3.0,5.1,4.0,4.0,4.0,2.0,3.0,3.0,20.0,3.0,8.1,7.0,3.1,5.1,2.0,7.1,4.0,4.0,2.0,5.1,2.0,4.1,2.0,5.1,2.0,3.1
1770631591.2282522,43.4,43.7,59.2,43.7,41.6,51.0,50.0,52.9,51.0,49.0,51.0,49.5,58.3,49.5,48.5,48.5,49.5,51.5,53.5,53.8,57.4,42.6,3.1,5.0,4.1,4.0,5.1,4.1,5.1,4.1,2.0,3.1,2.0,3.1,4.1,4.0,39.0,2.0,1.0,4.1,3.0,5.2,2.0,6.1,3.1,5.0,0.0,6.0,1.0,6.1,2.0,5.9,3.0,3.1
1770631592.2283213,43.6,44.0,54.5,42.7,44.0,58.8,45.5,63.4,50.0,44.1,46.6,46.1,43.7,46.1,50.5,50.0,53.4,47.6,55.4,47.5,38.2,46.1,2.1,5.1,3.1,4.1,3.1,5.1,2.1,7.0,4.0,5.1,3.1,5.1,4.0,1.0,23.5,4.0,18.0,1.0,1.0,2.0,2.0,4.0,2.0,3.1,3.0,2.0,2.0,4.0,2.0,1.0,0.0,7.1
1770631593.2284048,49.5,56.3,49.5,45.6,46.5,40.6,52.5,51.5,56.4,45.0,48.0,46.5,43.4,50.0,54.5,52.5,42.6,51.0,44.6,46.0,46.0,45.5,6.0,4.1,5.1,6.1,4.1,5.1,5.1,3.1,3.1,4.1,3.0,4.1,2.0,5.1,20.2,7.1,20.2,6.0,2.0,7.1,3.0,6.1,3.0,7.1,3.0,4.1,3.1,5.0,2.1,2.0,2.0,5.1
1770631594.2284758,58.4,59.8,59.4,57.0,56.4,58.4,63.7,50.5,52.0,54.0,59.8,50.0,55.9,55.0,51.0,54.5,49.5,53.5,65.7,57.8,48.5,56.9,7.1,7.2,6.3,8.2,7.1,8.1,8.2,7.1,7.1,7.1,4.1,8.0,7.1,4.1,10.1,6.0,31.7,6.1,14.3,4.1,3.0,10.2,6.9,7.1,6.0,7.1,4.0,6.1,7.0,6.0,4.1,6.1
1770631595.2285478,46.9,55.0,52.0,41.0,46.1,48.5,54.5,55.3,47.5,44.0,59.4,48.0,55.0,47.5,43.6,54.4,52.9,54.5,44.0,48.5,51.5,55.4,4.1,4.0,5.1,3.1,4.1,4.1,4.1,3.1,4.1,2.1,4.0,3.1,2.1,3.1,3.1,3.1,39.6,3.0,6.1,1.0,3.0,4.0,4.1,3.1,6.1,3.0,2.0,4.1,2.0,3.1,4.0,2.0
1770631596.228617,39.4,55.9,58.4,55.8,47.5,58.8,55.0,48.5,52.5,51.0,50.5,46.1,47.1,45.5,52.0,56.9,55.4,45.1,47.6,56.4,46.0,53.9,6.1,7.1,6.1,4.2,5.1,6.1,5.1,9.1,15.3,6.1,4.1,7.1,4.1,6.1,5.1,7.1,36.4,3.1,12.0,5.1,3.0,6.1,7.1,6.1,7.1,2.1,4.1,4.0,4.1,6.1,5.1,5.2
1770631597.22894,53.5,59.4,53.5,49.0,52.0,51.0,52.9,52.0,58.4,50.5,48.5,55.9,48.0,52.9,52.5,54.9,47.1,52.0,50.5,51.5,50.5,52.5,3.1,3.1,3.1,6.0,6.1,4.0,5.1,3.1,8.9,4.1,4.0,6.1,3.0,5.2,3.1,3.1,40.4,3.0,4.0,4.1,3.0,4.0,2.0,2.1,1.0,4.0,2.1,2.0,4.1,3.0,5.1,4.0
1770631598.231204,57.4,57.3,47.6,48.5,42.4,53.5,48.5,47.1,41.6,50.0,42.0,41.6,50.5,53.8,46.0,53.9,50.0,56.9,49.0,44.6,47.1,47.5,4.0,4.0,4.0,3.1,6.0,3.1,3.1,3.1,3.1,3.1,4.0,3.0,4.1,5.1,3.1,4.1,36.0,5.0,1.0,3.1,1.0,7.0,4.0,5.0,3.0,3.0,2.0,4.0,3.0,4.0,4.0,2.0
1770631599.2312741,52.5,50.5,48.0,49.0,54.0,43.4,46.1,44.4,43.7,53.4,50.5,42.6,50.0,49.0,45.0,47.0,46.0,51.0,51.5,47.1,50.0,45.5,6.1,4.1,5.1,6.1,3.1,4.1,5.1,3.1,5.1,5.1,4.1,4.1,6.0,5.1,7.0,4.0,4.1,3.1,19.2,12.0,27.7,6.1,6.0,6.0,3.0,10.1,2.0,5.1,2.0,6.2,3.1,4.0
1770631600.2313516,51.0,54.5,41.2,43.6,52.5,48.0,51.0,50.0,44.9,44.0,46.5,52.0,51.5,45.5,44.6,54.5,55.4,48.0,49.5,51.0,51.0,46.0,3.1,19.2,4.1,5.2,4.1,5.2,5.1,4.0,3.1,5.1,5.0,7.0,6.1,3.1,4.0,4.1,5.0,6.1,5.1,3.0,14.3,4.0,4.1,3.0,3.0,7.1,3.0,3.1,4.0,3.0,7.1,3.1
1770631601.2314353,49.0,40.6,42.0,38.2,47.1,45.1,48.0,49.0,42.6,47.1,49.5,44.1,47.1,40.8,50.0,36.3,51.5,51.0,43.6,46.5,43.7,45.2,6.0,4.0,4.1,4.1,5.1,4.0,4.1,4.0,6.0,4.0,3.1,5.1,3.1,2.0,3.1,1.0,2.0,4.0,3.1,3.0,3.0,3.0,5.1,2.0,5.0,2.0,3.0,3.0,2.0,3.1,4.0,2.0
1770631602.2320979,39.4,39.6,38.6,41.0,38.4,44.6,39.0,38.0,44.7,42.0,45.5,38.6,50.0,38.0,53.9,46.5,66.0,46.1,46.1,42.0,41.2,41.4,3.1,4.0,5.1,4.0,3.1,5.0,4.1,2.1,3.1,3.1,3.1,4.0,5.0,4.0,2.0,4.0,3.0,4.1,3.0,4.1,5.1,3.1,4.0,3.1,2.0,2.0,2.0,4.0,4.0,3.0,5.1,3.0
1770631603.2321866,51.0,39.2,50.0,46.0,46.9,48.0,37.6,47.0,45.5,43.7,43.0,50.5,51.5,58.0,49.0,50.0,49.5,50.5,54.5,48.0,45.0,48.0,5.1,3.1,5.1,5.1,5.1,4.0,6.1,2.0,4.1,3.0,4.0,2.0,3.1,4.1,2.1,4.1,4.0,2.1,3.1,2.0,3.1,5.1,4.1,2.0,3.0,3.0,3.0,3.1,3.1,4.0,4.1,2.0
1770631604.2322538,54.0,43.7,48.0,49.5,52.4,44.6,46.6,45.1,54.9,45.5,42.6,51.5,53.0,50.5,43.0,46.1,49.0,51.5,59.4,42.2,53.4,47.1,6.1,3.1,6.2,3.1,2.0,5.1,5.1,4.0,6.1,2.0,5.1,3.1,5.0,4.0,4.0,3.1,3.0,3.1,4.0,3.0,2.0,13.1,5.1,3.1,5.1,4.0,4.1,3.0,4.1,2.0,5.1,0.0
1770631605.2324212,45.0,54.9,54.0,49.5,56.0,48.5,55.4,45.1,50.5,51.0,48.5,52.5,45.1,50.5,52.5,51.0,45.5,50.0,50.0,46.5,51.0,52.5,12.2,7.1,5.1,6.1,6.0,5.2,5.2,5.1,7.1,5.1,3.1,7.1,5.1,4.1,2.1,9.9,5.1,5.1,3.0,4.1,3.1,3.0,4.0,6.0,4.0,4.1,3.1,3.1,2.0,5.0,2.0,4.1
1770631606.2330146,42.4,54.5,44.6,44.1,46.5,53.5,52.0,43.7,46.6,44.6,48.5,49.0,38.0,45.1,42.6,52.0,51.0,51.0,45.5,41.7,44.1,56.4,3.1,5.1,4.0,3.1,3.1,4.1,3.1,3.1,4.0,4.0,1.0,5.1,3.1,5.2,3.0,4.1,2.0,4.1,3.0,4.1,3.0,6.0,5.1,4.0,2.0,4.1,3.0,4.1,1.0,6.0,1.0,3.1
1770631607.233091,51.5,50.5,50.5,48.5,46.5,47.1,44.6,51.5,44.0,48.0,45.1,47.1,45.0,46.5,47.6,48.5,47.1,44.1,45.5,52.0,49.0,40.0,4.1,2.1,3.1,4.1,3.1,4.1,5.1,4.0,5.2,3.0,5.2,2.0,4.1,2.0,5.1,3.0,5.0,3.0,3.1,1.0,3.0,1.0,4.0,3.0,4.1,4.0,2.0,6.1,4.0,3.0,3.0,4.0
1770631608.2331624,50.5,51.0,42.6,48.5,52.0,47.5,54.4,47.0,52.9,49.5,48.5,43.6,50.5,54.9,59.4,52.5,50.5,51.0,49.0,50.5,47.1,56.3,4.1,3.1,5.1,3.1,3.0,5.1,5.0,6.1,5.0,4.1,3.1,3.1,4.0,1.0,4.0,4.0,2.1,2.0,3.0,4.0,3.0,2.0,1.0,2.0,3.0,4.0,5.0,4.0,5.0,2.0,3.1,1.0
1770631609.2332337,51.5,47.5,48.5,42.0,49.5,48.0,51.5,57.4,54.9,52.4,55.0,52.5,43.0,51.5,45.5,47.5,53.5,50.5,54.9,55.9,51.5,47.0,5.1,4.0,5.1,5.1,5.1,2.1,6.1,4.1,2.1,6.1,5.1,2.0,2.1,3.1,3.1,3.1,4.0,3.1,5.9,3.1,2.0,2.0,3.0,3.1,3.1,3.1,1.0,4.0,2.0,6.0,5.1,3.0
1770631610.2333064,52.0,53.9,57.7,46.5,51.0,51.0,47.0,52.0,55.4,58.0,49.5,48.0,47.5,48.0,51.5,52.4,52.0,53.5,45.0,50.0,51.0,50.0,3.1,2.1,6.1,2.1,5.2,5.0,7.2,2.0,7.0,3.1,5.1,5.2,6.0,1.0,3.1,3.0,4.1,3.0,3.1,7.1,3.0,5.1,2.0,7.1,5.1,1.0,2.0,4.1,3.1,4.1,3.0,5.1
1770631611.2333827,56.6,47.5,54.9,49.0,49.5,52.5,54.0,45.5,56.3,47.5,50.0,52.4,53.9,43.0,58.8,49.0,49.5,48.0,49.5,50.5,47.5,56.0,6.1,7.1,5.2,4.1,6.1,6.1,5.1,5.1,3.1,6.0,3.1,6.0,6.2,6.9,3.1,5.1,4.1,6.1,5.2,6.2,7.0,12.1,8.0,5.1,5.0,6.1,4.1,5.1,7.1,2.0,7.1,5.1
1770631612.23345,53.5,46.5,40.0,44.6,50.0,53.0,49.0,39.6,54.9,42.6,64.4,41.4,52.5,46.6,48.5,52.5,49.5,49.5,45.1,46.1,53.9,40.2,8.2,5.2,6.9,4.1,4.1,4.0,3.1,3.0,4.1,3.1,4.0,3.0,3.0,2.0,4.0,4.0,5.1,3.0,3.1,6.0,5.1,1.0,4.0,2.0,2.0,2.0,4.0,3.0,3.1,2.0,2.0,5.1
1770631613.2335286,53.0,50.5,46.1,50.5,45.6,43.1,49.5,52.9,47.5,44.0,49.0,42.6,47.1,52.0,45.1,48.5,41.6,54.9,51.5,48.5,51.5,47.6,8.9,4.0,23.7,3.1,4.0,2.1,5.9,6.0,3.1,3.1,2.1,1.0,4.0,3.0,3.1,5.1,4.0,2.0,4.0,4.0,3.1,2.0,3.1,3.1,5.1,2.1,4.1,2.1,7.1,2.0,6.1,2.0
1770631614.2336001,47.5,47.5,45.0,40.2,43.9,52.9,48.5,47.6,39.2,46.6,47.1,45.1,51.0,52.5,42.6,47.1,41.2,50.0,47.5,42.6,44.1,45.5,32.3,4.0,17.0,5.0,3.1,5.1,4.1,3.1,6.1,4.1,4.1,3.0,4.0,3.0,4.1,3.1,3.1,2.0,3.0,6.1,4.0,3.0,3.1,4.0,3.0,6.1,4.0,3.1,8.0,5.1,5.1,7.0
1770631615.233668,49.5,45.1,48.1,37.4,49.0,46.5,39.6,44.0,49.0,38.2,49.0,53.5,44.6,52.5,44.7,43.0,41.6,43.6,56.4,35.6,44.0,49.5,3.1,4.1,41.0,3.1,4.0,6.0,3.1,5.1,3.1,6.0,4.0,2.0,3.1,1.0,3.0,4.0,4.0,3.0,3.0,5.2,5.1,3.0,3.0,3.0,4.0,6.0,3.1,4.0,3.1,4.1,5.1,5.1
1770631616.2337453,49.5,54.5,45.5,52.5,40.2,48.0,46.6,51.5,44.0,51.0,47.5,53.9,51.0,45.6,49.0,48.0,47.5,51.5,61.8,45.1,52.0,52.9,17.5,5.2,30.3,7.0,7.3,4.1,6.0,5.1,6.1,4.1,3.1,6.1,5.1,6.0,3.0,4.2,3.1,5.1,3.0,7.1,5.1,4.1,3.1,4.0,4.1,5.1,5.1,6.1,4.0,5.1,4.1,6.1
1770631617.233816,56.9,48.0,44.0,54.0,46.5,47.6,53.5,45.5,49.5,49.0,43.0,50.5,48.0,50.5,53.9,52.9,44.1,53.5,47.0,42.6,49.5,45.0,19.0,11.0,11.1,4.1,5.0,5.1,2.0,4.1,3.0,5.1,4.1,2.0,3.1,3.1,5.0,8.0,4.1,4.0,3.0,2.1,1.0,3.1,5.1,3.0,4.0,3.1,5.1,3.0,3.0,2.0,3.0,3.0
1770631618.2338488,48.0,43.1,52.0,37.3,38.0,37.9,39.8,51.0,45.0,40.6,39.8,42.6,49.5,36.4,57.4,38.6,52.0,45.1,40.2,49.0,50.0,43.1,11.2,3.1,8.2,3.1,3.1,4.1,2.0,5.1,4.0,5.1,2.0,3.1,4.0,1.0,2.0,6.1,4.0,4.0,2.0,4.0,2.0,3.1,2.0,4.1,5.1,5.0,3.1,3.0,3.1,3.0,3.0,3.0
1770631619.233921,43.0,46.5,52.0,47.5,43.1,58.0,54.5,52.9,46.0,42.6,42.6,45.0,42.6,49.0,45.6,42.6,44.6,46.5,47.5,48.0,41.0,47.5,13.1,22.2,7.1,5.1,5.1,3.0,4.0,3.1,4.0,5.1,4.0,5.0,0.0,4.1,3.0,1.0,2.0,3.0,3.1,2.0,2.0,5.1,3.1,3.0,4.0,3.1,3.0,3.1,7.0,2.0,3.1,1.0
1770631620.2340095,48.5,52.9,51.5,52.0,37.6,45.0,49.5,59.0,47.6,43.6,39.0,49.5,53.9,45.6,49.0,54.5,41.6,53.9,51.5,45.1,51.0,47.5,3.0,39.4,5.1,3.1,3.1,6.0,4.0,11.2,4.1,3.1,3.1,4.1,5.0,3.1,3.0,3.1,4.0,2.1,2.0,5.0,2.0,5.1,4.0,3.0,3.1,5.1,3.0,5.1,6.1,2.0,4.0,5.0
1770631621.2340763,41.0,51.0,38.4,56.4,47.0,55.3,44.6,52.5,48.0,51.5,43.4,49.0,45.5,42.6,40.6,41.0,50.5,49.0,42.0,47.0,49.5,49.0,3.1,34.7,6.1,3.1,7.1,3.1,4.1,6.1,4.1,6.1,7.1,4.1,5.1,3.0,2.1,7.9,3.1,4.0,3.0,6.1,4.0,3.0,5.1,2.0,3.1,3.0,4.0,3.1,5.1,4.0,6.0,2.0
1770631622.2341583,40.0,45.5,43.6,44.6,40.6,44.6,38.0,52.5,36.4,50.5,44.1,47.0,38.8,42.0,51.0,48.0,40.6,41.0,48.5,44.0,43.6,39.6,3.1,6.1,4.1,5.2,2.1,2.1,3.0,2.1,4.1,2.1,4.0,3.0,2.1,2.0,5.0,1.0,5.1,2.0,5.0,2.0,5.1,2.0,4.1,1.0,5.9,4.1,4.0,3.0,2.0,2.0,3.1,1.0
1770631623.234227,57.4,52.0,43.0,53.5,46.0,48.5,52.0,43.7,51.5,47.5,51.0,49.5,52.5,40.6,52.9,51.5,53.0,50.5,51.0,49.5,56.4,52.9,3.1,4.2,5.1,5.1,5.1,7.0,5.1,4.0,4.1,5.0,5.0,4.1,4.1,2.1,4.1,3.1,4.0,4.1,2.1,5.0,5.1,4.1,3.1,3.0,5.1,3.0,3.1,2.0,4.0,3.0,4.0,1.0
1770631624.234301,52.5,56.4,56.0,52.5,57.3,55.4,47.5,47.5,54.9,51.0,69.2,39.0,54.5,53.5,50.0,54.9,54.9,54.9,50.0,53.0,60.0,50.0,4.1,6.0,5.2,3.1,3.1,3.1,2.1,4.0,5.0,4.0,3.1,4.0,3.0,4.0,3.1,4.0,3.1,4.0,5.9,2.1,4.1,8.2,5.1,3.0,3.1,3.0,5.0,2.0,3.1,3.0,1.0,4.0
1770631625.2344854,56.4,54.9,57.4,52.9,48.0,49.5,47.1,50.0,55.9,47.1,43.4,53.5,45.0,49.5,54.0,55.9,52.5,59.4,57.3,48.0,48.5,55.6,5.1,3.1,5.1,4.0,5.0,5.1,4.0,3.1,4.1,3.1,4.0,3.1,4.0,2.1,4.1,4.1,2.0,3.1,4.1,2.0,4.0,2.0,1.0,6.0,3.1,1.0,6.1,4.0,23.2,1.0,9.2,2.0
1770631626.2345707,46.5,48.0,51.0,45.5,47.5,52.0,45.5,47.5,48.0,50.5,53.9,48.5,38.6,48.0,45.5,49.5,46.6,55.0,55.9,46.1,49.5,45.6,4.0,4.1,4.0,4.1,4.0,3.1,2.0,5.1,3.1,2.0,2.1,5.1,4.0,4.0,3.1,3.0,2.1,3.0,3.1,5.0,4.1,1.0,1.0,2.1,4.0,2.0,4.0,3.0,21.2,0.0,19.4,4.0
1770631627.2346468,53.0,50.0,44.6,39.2,46.1,44.1,37.6,36.3,39.6,43.6,48.5,42.6,47.5,43.1,42.0,40.6,47.5,47.5,44.6,47.0,45.5,47.5,4.1,4.0,5.1,5.1,5.2,5.1,5.1,4.0,4.1,4.1,5.1,3.1,4.1,4.1,3.1,3.0,4.1,4.0,3.0,3.1,5.0,5.1,6.0,5.1,4.0,2.0,4.1,7.1,30.3,4.0,19.2,3.0
1770631628.234715,48.0,56.4,44.6,44.1,40.0,46.1,45.5,36.0,43.7,47.6,37.3,35.9,46.0,47.5,45.1,35.0,42.2,47.5,47.5,46.5,44.6,39.6,3.1,5.1,4.0,4.1,3.1,4.0,3.0,4.0,2.0,2.0,3.0,4.0,2.0,3.1,3.0,2.0,3.0,2.0,3.0,3.0,5.1,2.0,5.1,3.0,5.0,3.0,2.1,2.0,26.3,2.0,5.1,2.0
1770631629.2376418,45.5,44.1,47.1,48.5,39.8,44.6,42.2,48.0,46.0,34.3,40.6,49.5,48.5,46.6,48.0,50.0,35.3,41.7,48.5,48.0,47.1,41.2,3.0,3.0,4.0,3.0,5.9,3.0,3.0,4.0,4.0,4.0,4.0,1.0,4.0,1.0,3.0,3.0,2.0,3.0,4.0,2.0,7.0,1.0,5.1,0.0,2.0,3.0,5.0,2.0,5.9,4.1,6.1,3.0
1770631630.2377133,42.2,33.3,42.2,40.0,43.0,36.6,46.1,39.8,52.4,47.5,39.8,55.3,49.0,36.6,45.5,50.0,41.7,39.2,34.7,50.5,42.7,48.0,2.0,2.0,3.0,3.1,4.1,2.0,4.0,3.0,3.1,3.0,5.9,4.0,4.0,3.0,2.0,3.0,4.0,2.0,2.0,1.0,3.0,3.0,5.1,1.0,4.1,3.0,6.1,0.0,5.1,1.0,3.1,1.0
1770631631.2377832,52.0,36.0,47.0,33.7,36.6,37.6,39.4,37.3,39.2,39.8,46.1,45.1,45.5,39.2,44.1,48.5,39.6,46.5,45.1,45.1,35.6,52.4,3.0,4.0,1.0,4.0,4.0,4.1,5.1,3.0,6.1,2.0,11.2,1.0,4.0,2.0,3.0,4.0,3.1,2.0,2.0,2.0,5.0,4.1,2.0,4.0,1.0,7.0,2.0,1.0,2.0,3.0,4.0,1.0
1770631632.237847,56.9,39.2,42.6,41.2,44.1,36.9,52.0,45.5,37.5,40.6,41.6,44.7,45.0,39.6,40.8,43.1,40.6,48.0,34.3,47.1,33.7,44.6,4.0,5.1,5.0,4.0,3.1,4.0,4.0,4.0,4.0,3.0,4.0,4.0,1.0,3.0,1.0,1.0,2.0,1.0,3.1,2.0,3.1,4.0,3.1,4.0,4.0,3.0,2.0,4.0,2.0,3.0,2.1,2.1
1770631633.2379193,51.5,33.3,41.2,37.9,30.4,42.6,46.1,42.2,35.9,40.2,36.5,29.4,47.1,48.5,39.2,46.5,42.2,46.1,35.9,32.3,31.4,42.7,2.0,4.1,1.0,4.1,4.0,6.1,4.0,3.1,4.0,5.1,2.0,3.0,2.0,2.0,2.0,3.0,2.0,2.0,5.0,20.0,2.0,6.1,6.9,8.1,5.0,5.1,4.0,4.0,4.0,3.1,5.9,5.0
1770631634.2380884,43.0,47.0,44.0,36.0,35.6,41.6,47.1,33.0,50.0,45.0,40.6,40.6,51.5,43.7,44.1,41.6,42.0,40.0,45.1,36.3,44.6,38.4,2.1,3.0,3.0,5.0,2.1,3.1,5.0,3.0,6.1,2.0,4.0,3.0,5.1,2.0,3.0,3.0,5.1,1.0,3.1,4.0,2.0,2.0,7.1,1.0,5.1,4.0,3.0,3.0,3.0,4.1,7.1,2.0
1770631635.2381418,44.4,41.6,33.3,38.8,33.3,32.7,43.7,33.3,47.1,38.2,33.3,38.2,33.0,36.9,38.0,26.5,46.6,36.3,40.6,45.6,45.5,34.0,5.1,1.0,4.1,3.0,4.0,3.0,2.0,2.0,4.0,3.0,3.0,4.0,2.0,3.0,4.0,1.0,2.0,2.0,4.0,1.0,6.0,3.0,4.1,4.0,3.1,4.1,3.0,1.0,4.0,2.0,9.3,2.0
1770631636.2382238,47.5,48.0,41.4,47.0,49.5,34.7,43.6,45.1,44.6,50.0,51.0,48.5,45.5,49.5,48.0,48.5,43.1,48.0,49.5,35.6,41.6,48.5,11.1,3.0,9.1,4.1,3.1,4.1,4.0,3.1,3.1,4.0,1.0,3.1,4.0,3.0,2.0,4.0,1.0,4.1,5.1,4.0,3.1,3.0,4.1,5.1,4.0,5.1,3.0,5.1,3.0,4.0,4.0,2.1
1770631637.2383015,48.0,46.5,47.1,38.2,46.5,41.6,50.5,44.9,41.6,48.0,57.0,45.0,42.6,48.5,43.6,42.6,49.0,49.5,44.4,52.5,48.5,44.0,6.1,10.1,6.2,7.1,10.0,5.1,6.1,7.1,9.0,5.2,7.1,7.0,5.1,7.1,5.1,8.2,7.0,5.1,4.1,9.9,6.1,6.1,7.9,6.1,7.0,7.1,5.1,7.1,8.1,6.1,5.2,7.0
1770631638.2383845,55.0,53.9,48.5,48.0,50.5,53.9,50.0,56.4,55.4,50.5,47.5,49.5,48.0,48.5,52.0,48.5,41.2,53.4,53.9,55.9,49.0,48.5,18.4,4.2,6.1,6.1,6.1,8.0,5.1,6.1,5.2,6.0,6.2,4.1,5.1,9.3,5.1,4.1,3.1,6.1,19.2,7.2,3.0,6.1,5.1,6.1,22.2,5.1,5.1,4.1,4.0,5.1,6.9,5.1
1770631639.2384584,52.5,52.5,42.7,45.5,48.0,56.0,54.5,45.6,60.4,50.5,43.0,52.9,46.0,53.0,48.5,45.0,45.0,46.1,42.2,43.6,58.4,52.5,20.0,6.1,10.1,12.9,8.1,6.1,5.2,5.1,8.2,3.1,5.1,5.1,4.1,4.1,4.1,12.1,3.1,5.1,3.0,6.1,3.0,3.1,6.0,6.0,5.1,5.1,7.1,6.1,5.1,4.1,4.1,3.1
1770631640.2385306,45.5,56.4,49.0,51.0,41.6,46.1,40.0,39.6,55.4,37.0,48.0,51.5,45.6,60.2,42.2,45.5,47.6,46.0,42.0,45.0,38.6,44.6,40.4,3.0,9.2,3.1,6.1,3.1,3.0,4.1,5.0,5.1,3.1,4.0,4.1,3.0,5.1,2.0,3.0,3.0,3.0,2.1,3.1,2.0,5.1,3.0,4.1,2.0,3.0,3.1,2.0,4.0,4.0,5.1
1770631641.2386022,54.5,47.5,45.5,56.4,50.0,46.5,48.5,45.6,45.1,48.5,48.0,42.6,51.0,52.0,55.4,45.2,48.5,48.0,52.0,44.6,44.1,49.5,7.1,4.1,41.2,4.1,6.2,7.1,2.1,6.2,6.1,5.1,4.1,5.1,5.0,6.0,6.1,5.1,4.0,4.1,12.1,6.1,3.1,5.2,4.0,5.1,23.0,6.1,5.1,6.0,4.0,6.1,4.1,6.1
1770631642.2386696,53.4,43.6,55.0,39.6,44.1,44.1,48.5,45.5,56.4,49.0,59.8,44.0,48.5,52.5,45.6,52.0,52.9,44.4,51.0,44.7,45.5,45.1,2.1,25.3,4.0,4.1,5.1,4.1,4.0,7.1,3.1,4.1,3.1,3.0,2.0,4.0,3.1,1.0,1.0,4.0,5.0,3.0,1.0,6.1,2.0,4.1,2.0,4.0,3.1,3.1,1.0,4.1,3.0,5.0
1770631643.2387373,53.5,51.0,50.5,53.4,45.5,50.5,43.1,49.0,47.1,46.5,52.0,49.0,54.5,47.1,50.5,49.0,47.1,55.3,55.9,47.5,54.4,52.0,4.0,36.4,3.1,6.0,4.1,5.1,6.1,2.1,4.0,5.1,2.0,6.1,1.0,4.1,4.1,6.0,2.0,3.1,2.0,4.0,3.0,3.1,2.0,4.0,2.0,5.0,2.0,5.1,1.0,6.0,2.0,3.1
1770631644.239089,59.2,45.5,47.5,51.0,52.0,63.0,45.5,50.0,44.0,49.0,47.5,49.0,46.5,39.2,52.0,50.5,46.5,51.0,49.0,42.2,50.0,45.5,17.0,6.0,25.5,3.1,3.1,6.1,3.1,4.0,5.0,3.1,4.0,3.1,4.0,2.0,6.1,2.0,6.1,4.0,4.0,4.0,3.1,3.1,5.1,3.0,7.9,3.0,6.1,3.0,6.1,3.1,5.1,4.0
1770631645.2395248,53.0,39.8,47.1,47.6,49.0,40.6,45.1,50.5,47.1,49.0,48.5,42.6,44.6,54.9,45.5,45.5,44.6,48.5,47.0,46.1,49.0,52.0,23.2,4.1,5.2,2.1,4.0,4.1,3.0,6.1,3.1,3.1,3.0,5.1,2.0,5.1,6.1,2.0,2.1,3.1,5.1,5.1,1.0,4.1,3.0,3.1,3.1,4.0,2.0,5.1,1.0,4.1,3.0,5.1
1770631646.2399862,47.5,48.0,53.0,49.0,47.5,54.9,45.0,46.5,54.5,48.0,53.4,51.5,47.5,53.5,51.5,48.0,50.0,47.0,48.5,48.0,50.0,58.8,11.2,9.2,5.0,19.0,4.0,7.1,5.1,6.1,4.0,7.0,4.0,5.1,4.1,3.0,3.1,4.0,6.0,4.1,6.1,3.0,5.0,3.1,4.1,3.0,4.0,4.0,5.0,4.1,3.0,6.9,4.0,6.1
1770631647.2400594,52.0,58.0,52.5,54.9,50.5,53.5,54.9,59.2,53.5,54.4,48.5,47.0,45.0,54.5,50.5,52.0,47.5,50.0,45.5,51.5,51.5,57.8,4.1,16.2,6.1,3.1,5.1,4.0,6.1,6.0,4.1,1.0,2.1,4.1,3.1,4.1,4.1,3.1,5.0,3.1,4.0,4.1,3.1,4.0,6.1,2.0,5.1,3.0,2.1,3.0,6.1,4.1,1.0,25.7
1770631648.240133,53.5,56.9,54.0,51.5,51.5,59.0,43.7,46.5,50.0,47.5,49.0,54.5,59.2,52.4,48.5,56.4,47.5,59.2,44.6,51.5,45.5,46.0,5.1,3.1,5.1,3.1,5.1,5.1,4.1,3.1,2.0,5.0,5.1,4.0,4.1,3.0,5.1,3.0,4.2,1.0,5.1,1.0,4.0,3.0,6.1,4.0,5.2,2.0,2.1,4.1,4.0,3.1,4.0,3.1
1770631649.2402074,47.0,47.0,48.0,49.0,44.6,44.6,45.5,51.5,54.9,47.5,50.0,54.8,51.5,48.5,43.4,47.0,44.6,49.5,52.9,52.0,56.9,50.0,4.1,4.1,4.1,4.1,4.0,4.1,4.0,4.1,3.0,4.0,3.0,5.1,4.0,5.1,4.0,4.1,4.0,5.0,5.1,5.1,3.1,3.1,3.0,3.1,4.0,4.0,2.0,3.1,2.0,5.0,2.0,5.0
1770631650.2402763,50.0,52.9,52.5,49.5,53.9,48.5,57.0,45.1,48.0,51.5,50.5,48.0,52.0,48.0,55.9,43.6,55.0,47.0,48.0,47.5,46.5,58.0,5.1,17.3,4.1,5.0,4.1,4.1,3.0,5.1,2.0,5.1,3.1,3.1,2.0,4.0,3.0,6.1,2.0,5.1,2.0,4.1,4.0,4.0,1.0,7.1,4.0,5.1,3.0,5.1,4.1,5.2,4.0,2.1
1770631651.2403476,43.1,49.0,43.6,49.5,49.0,45.0,49.0,45.5,46.5,49.0,48.0,58.8,46.5,48.5,54.9,43.0,50.5,44.0,55.3,44.6,53.5,50.5,4.1,21.8,13.1,6.1,3.1,6.1,5.1,5.1,2.1,5.1,3.0,5.0,3.1,3.1,4.0,2.0,3.1,3.1,7.1,4.0,3.0,8.0,3.0,3.1,4.0,5.1,1.0,4.1,2.0,4.0,2.0,4.1
1770631652.2405825,49.5,51.0,56.9,54.9,52.9,54.5,45.1,54.0,52.0,47.1,53.5,51.0,47.1,46.5,55.4,47.5,57.4,59.0,58.0,46.1,48.5,51.5,5.1,4.1,6.2,5.2,8.1,6.1,4.1,7.1,6.1,6.9,5.2,19.4,5.1,6.2,7.1,5.1,6.1,3.1,7.1,3.1,2.0,43.3,7.1,4.0,5.1,4.1,5.1,5.2,6.0,5.1,6.1,5.0
1770631653.240771,50.5,48.0,47.0,47.0,50.5,49.0,52.0,54.5,47.6,43.6,39.4,46.5,47.5,43.0,54.0,44.1,62.1,49.5,44.7,49.5,47.0,46.5,3.1,5.1,4.1,4.1,3.1,4.1,4.0,4.1,3.1,5.2,4.0,5.1,3.1,5.0,4.1,5.0,5.2,4.0,5.1,6.0,3.0,45.5,3.1,3.0,2.0,4.0,3.0,3.0,4.1,3.0,4.0,3.0
1770631654.2408462,45.0,40.2,43.6,38.2,49.5,33.7,43.1,42.2,40.4,49.0,34.7,37.0,39.6,39.2,49.5,36.6,42.0,38.0,49.5,54.5,38.2,48.0,7.0,4.0,6.0,2.1,3.1,3.1,3.1,3.1,4.0,4.0,2.0,3.1,2.0,5.1,4.0,4.0,4.0,1.0,4.0,2.0,3.0,10.1,3.1,9.1,1.0,26.7,3.0,4.0,4.1,4.1,5.2,3.1
1770631655.2409155,48.0,44.0,43.4,50.5,44.6,52.5,48.5,43.0,46.1,41.2,45.1,40.2,46.1,39.2,46.1,49.0,46.5,50.0,49.5,54.8,44.6,50.0,3.1,4.0,3.1,6.9,5.1,5.0,3.0,5.1,6.0,2.1,4.0,5.1,4.0,4.1,4.0,4.1,4.1,5.0,3.0,4.0,3.1,3.0,4.0,3.0,1.0,38.0,3.0,4.0,2.1,5.1,5.0,4.0
1770631656.2409909,47.0,46.0,44.7,42.2,37.6,48.0,50.0,53.5,48.0,42.6,52.9,45.1,50.5,49.0,47.5,48.0,58.4,51.0,47.1,49.0,50.0,47.6,5.1,4.0,2.1,13.5,4.1,6.1,3.1,4.1,4.0,4.1,3.1,5.1,1.0,5.1,4.0,3.1,5.1,3.1,3.1,3.1,2.0,4.0,3.1,1.0,4.0,26.5,4.0,1.0,3.0,5.0,3.1,4.1
1770631657.241087,49.0,54.9,49.0,44.4,45.5,48.5,61.2,53.9,45.1,53.0,45.5,50.0,50.0,52.4,52.0,42.0,51.5,53.5,52.0,45.5,52.5,49.5,4.0,5.1,3.0,27.7,4.1,5.1,4.0,5.1,4.1,5.1,3.1,3.1,3.0,5.1,4.0,6.9,2.0,3.1,4.0,3.1,6.1,1.0,5.1,1.0,4.1,18.0,3.1,2.0,4.1,0.0,4.0,5.0
1770631658.2418296,51.5,48.0,55.0,46.0,58.0,53.9,49.0,55.9,46.5,50.5,43.1,59.4,40.6,49.0,42.6,52.5,47.0,52.5,45.5,45.0,47.6,45.0,4.1,5.1,7.1,16.3,4.1,8.0,3.1,3.1,4.1,4.1,4.0,21.4,5.1,9.0,3.1,5.2,4.0,6.2,4.1,18.6,7.9,3.0,6.0,4.0,3.1,9.1,5.1,3.0,5.0,2.1,4.1,4.1
1770631659.2419786,48.5,47.1,52.9,49.0,47.0,46.1,48.5,45.5,52.0,46.5,48.5,60.4,48.0,50.0,47.5,42.6,53.9,44.1,45.1,51.9,55.0,51.9,19.4,4.0,5.1,3.1,3.1,2.1,5.0,3.1,6.0,4.0,3.1,4.0,6.0,1.0,5.1,4.0,4.1,5.0,5.0,18.4,4.0,2.0,4.0,2.0,3.1,2.0,5.1,3.0,2.0,3.1,4.0,5.0
1770631660.2420504,49.0,44.1,53.0,49.5,50.5,53.9,42.6,52.0,54.5,47.5,51.5,45.1,51.0,54.5,47.5,46.1,53.4,52.9,55.9,49.5,49.0,58.4,37.4,3.1,4.1,5.1,5.1,4.0,5.1,2.1,5.1,1.0,4.0,6.1,5.2,1.0,3.1,3.1,3.0,4.1,3.1,2.0,3.0,1.0,3.1,1.0,4.0,1.0,7.8,2.0,2.0,4.0,4.0,4.0
1770631661.2421205,52.5,49.5,56.4,52.9,51.0,52.5,47.6,48.5,51.5,50.0,51.5,52.0,46.5,48.0,50.0,47.5,47.1,51.0,53.9,53.5,49.5,50.5,15.8,5.0,2.1,3.1,6.0,2.0,3.1,4.1,3.0,4.1,3.1,4.0,4.1,6.0,3.0,5.2,3.0,6.1,6.1,3.1,3.1,5.0,3.0,4.0,6.1,4.0,7.3,2.0,3.1,1.0,5.1,2.0
1770631662.2421973,47.0,54.8,46.5,53.5,53.5,52.0,51.5,46.0,52.0,56.4,56.4,50.0,47.5,50.0,48.0,50.0,46.0,47.0,46.5,52.5,44.1,60.4,13.1,3.1,18.2,3.1,4.1,7.0,4.1,3.0,1.0,3.1,3.0,3.0,2.1,2.0,6.0,3.0,2.1,3.0,4.0,2.1,4.0,2.0,3.1,4.0,13.1,4.1,9.1,4.0,5.1,4.0,4.0,4.0
1770631663.2422676,43.0,49.5,54.0,50.0,47.5,47.1,45.1,53.0,51.0,47.1,45.6,44.7,37.3,46.1,43.1,48.0,44.1,46.6,48.5,48.0,49.0,60.0,4.0,4.1,31.6,3.1,9.1,2.1,5.1,4.1,5.1,4.1,3.1,4.1,5.9,3.1,3.1,5.1,6.1,3.1,3.1,5.1,3.0,3.0,3.0,6.1,5.1,3.0,3.0,5.1,5.1,2.0,5.0,3.0
1770631664.2423356,56.9,55.4,51.0,47.5,46.0,51.5,48.5,49.0,50.5,48.0,48.0,45.5,45.9,51.0,52.5,43.7,48.0,48.0,51.0,54.9,49.0,62.7,5.2,6.0,11.1,5.1,38.0,5.0,4.0,4.1,3.1,4.1,4.1,3.1,4.1,3.1,2.0,11.5,5.0,4.0,3.0,5.0,3.0,4.1,2.0,4.1,19.2,3.1,5.1,3.0,5.0,3.0,6.1,2.0
1770631665.2424104,48.5,44.1,49.5,49.0,51.0,43.6,52.4,49.0,60.0,52.0,44.6,47.5,46.6,50.0,44.0,58.0,46.0,49.0,48.5,46.0,54.5,45.5,7.0,3.1,5.1,3.1,36.0,2.1,2.1,4.1,3.1,3.1,3.1,5.0,4.0,3.0,3.1,3.0,3.1,4.0,2.0,3.1,2.0,5.1,4.0,4.0,4.0,1.0,4.1,2.0,3.1,3.1,4.1,3.0
1770631666.2424798,51.5,53.5,54.9,48.5,43.1,49.0,51.5,48.0,51.0,46.1,42.0,48.5,45.5,53.9,41.7,52.0,50.5,44.1,47.1,40.6,50.0,50.0,5.1,4.1,4.1,4.1,15.2,4.1,6.0,4.1,5.0,4.0,3.1,3.1,27.6,1.0,3.0,2.1,4.1,2.0,3.0,3.1,4.0,3.0,2.0,5.0,6.1,2.0,6.1,6.1,4.0,2.0,2.0,4.1
1770631667.2425585,39.6,45.5,46.5,47.1,38.4,49.0,52.0,47.1,51.5,49.0,40.6,42.0,40.2,45.5,43.0,46.5,44.0,42.0,43.7,47.0,41.0,46.0,7.1,7.2,3.1,5.0,4.0,3.1,5.1,3.1,3.1,3.0,3.1,2.0,12.2,3.0,2.0,3.0,2.0,3.0,4.1,2.0,3.1,5.1,5.1,2.0,5.1,1.0,6.1,1.0,2.0,4.0,2.0,2.1
1770631668.2426658,49.0,41.0,41.0,46.0,45.5,43.1,44.6,42.6,35.6,40.4,43.1,42.2,44.7,48.5,53.9,46.5,46.0,45.1,50.5,38.6,47.5,50.5,3.1,12.0,4.1,3.1,6.0,5.0,4.1,5.1,4.1,5.0,5.1,5.1,3.0,4.0,3.0,2.0,5.0,3.0,1.0,3.1,3.0,2.0,4.0,2.0,2.0,3.0,5.2,6.0,4.1,3.0,4.1,4.0
1770631669.2430584,43.0,49.0,47.5,45.5,55.6,58.4,53.5,46.5,41.6,50.5,47.5,46.0,44.6,53.9,50.0,54.5,60.8,42.6,50.0,51.0,44.6,45.6,8.0,8.3,5.1,27.0,5.1,4.1,4.1,4.1,5.9,2.1,13.3,4.1,4.1,4.1,5.1,5.1,3.0,2.1,4.0,5.0,2.0,4.0,5.1,4.0,5.0,2.0,5.0,2.0,4.0,3.1,6.1,1.0
1770631670.243303,44.6,53.9,53.9,48.0,50.0,56.9,45.0,49.5,51.0,50.0,48.0,48.5,49.5,46.6,49.5,55.3,42.7,53.9,44.1,50.5,54.0,43.6,8.3,9.0,4.1,7.2,4.1,3.1,4.1,5.1,3.1,5.1,8.1,3.1,4.0,5.1,5.0,4.1,4.0,3.1,4.0,3.1,3.1,2.0,2.1,2.0,2.0,4.0,3.0,4.0,5.0,4.0,5.1,3.0
1770631671.243376,50.5,42.0,47.0,51.0,48.5,50.0,52.9,45.1,42.6,50.0,48.0,40.6,46.0,38.0,52.9,44.6,44.6,49.0,48.5,51.0,51.0,41.2,8.1,3.1,39.6,3.0,5.1,4.0,6.9,3.1,5.1,3.1,4.1,2.0,5.1,4.0,4.0,3.1,3.1,4.0,4.0,3.1,6.1,3.0,4.0,4.0,4.1,1.0,3.1,1.0,8.1,1.0,2.0,3.1
1770631672.2434466,45.1,47.1,43.6,48.0,36.6,46.5,40.2,46.5,48.5,48.0,45.1,46.1,45.6,39.4,44.1,40.2,43.6,50.0,52.9,41.2,52.5,44.1,11.1,14.0,2.1,13.3,5.1,3.1,3.1,4.0,3.0,3.1,5.1,4.0,5.0,2.1,3.0,3.0,3.1,4.1,1.0,4.0,1.0,4.0,3.0,5.0,5.1,5.1,3.1,5.0,4.0,2.0,6.1,1.0
1770631673.2436619,42.4,45.5,40.6,47.1,50.0,43.4,53.0,41.6,39.6,57.4,50.0,43.6,54.9,43.7,52.5,51.0,49.5,48.5,56.9,39.2,48.0,41.7,8.2,4.1,2.0,26.3,5.1,3.0,2.0,3.1,3.1,5.0,5.0,5.0,3.1,3.0,2.0,2.0,3.0,4.1,2.0,3.1,3.0,6.1,2.0,4.1,3.0,3.1,3.0,9.1,2.0,5.0,3.1,3.1
1770631674.2437863,53.0,44.0,42.4,50.0,41.0,46.5,50.5,52.5,44.0,43.6,52.0,43.0,46.1,45.5,44.7,47.1,51.0,40.2,49.0,40.4,45.1,39.6,14.1,8.2,5.1,3.0,3.1,3.1,2.0,3.1,3.0,4.1,3.1,3.1,2.0,4.1,9.0,5.0,5.0,4.0,1.0,4.1,2.0,2.0,3.0,4.0,1.0,3.0,2.0,3.1,2.0,7.1,3.0,3.1
1770631675.2438786,51.0,53.4,51.5,44.6,48.5,47.0,44.6,44.6,52.5,47.1,52.0,49.0,49.0,58.4,47.0,43.4,42.4,52.5,48.0,50.5,53.4,49.5,6.1,6.1,8.1,8.1,4.1,5.1,5.1,5.1,6.1,4.1,6.1,4.1,6.1,8.1,31.0,3.1,6.1,4.1,4.1,8.1,12.2,5.1,6.1,6.1,4.0,5.1,3.0,6.1,5.1,8.1,7.0,5.1
1770631676.2439482,53.0,48.5,47.1,43.0,41.6,50.0,49.5,49.0,46.0,40.6,49.0,54.4,46.5,48.0,45.5,48.0,50.5,54.0,50.5,46.0,46.0,49.0,5.0,7.1,4.1,19.2,6.1,5.1,2.1,3.0,4.1,2.0,2.1,3.0,6.1,3.0,4.0,1.0,4.0,5.1,2.0,3.0,2.0,3.0,3.0,4.1,4.0,3.1,2.0,4.1,3.1,4.0,4.1,3.0
1770631677.2440147,56.9,49.5,55.0,58.8,52.0,50.5,53.9,58.4,51.0,54.5,57.8,55.9,53.9,52.5,52.0,53.9,51.0,54.5,54.0,52.4,53.5,54.9,4.2,14.3,5.1,4.1,3.1,7.0,3.1,5.1,4.0,5.1,4.1,4.1,4.1,3.1,4.0,2.0,5.1,3.9,5.1,5.0,5.0,3.0,4.0,5.0,6.1,2.0,3.0,3.0,2.1,3.0,2.0,3.1
1770631678.2440934,53.0,58.0,48.0,43.1,46.0,44.7,44.0,48.5,46.6,36.0,47.5,41.6,48.0,40.2,40.6,51.5,48.0,41.6,42.2,51.0,41.6,43.0,4.0,19.2,4.1,3.0,4.0,3.1,3.1,3.0,4.1,3.0,4.1,4.0,6.0,2.0,6.1,2.0,5.1,1.0,6.2,2.0,4.1,2.0,5.1,3.0,2.0,3.0,2.0,2.0,2.0,3.0,3.0,3.0
1770631679.2441947,51.5,54.4,42.2,41.6,36.3,43.6,45.1,47.5,57.3,38.2,57.3,43.7,46.6,40.6,52.0,44.6,48.5,57.8,46.0,45.0,49.0,47.6,4.0,4.0,4.0,3.1,4.1,4.0,4.0,3.0,4.0,3.1,6.9,3.0,5.1,2.1,6.1,3.0,6.1,1.0,5.1,3.0,5.0,5.1,6.1,2.0,3.1,3.0,2.0,4.0,3.0,3.0,1.0,3.0
1770631680.2442667,46.0,44.1,35.3,53.9,43.4,35.0,40.2,39.2,43.1,41.0,48.0,40.6,34.7,45.0,44.1,49.5,39.8,41.2,44.1,36.3,46.5,38.6,3.0,3.1,3.0,3.1,4.0,4.1,2.0,3.1,1.0,3.1,5.1,2.0,4.0,4.0,4.0,2.1,7.0,2.0,8.0,2.0,4.0,2.0,3.1,2.0,5.1,2.0,4.0,0.0,3.1,4.0,4.1,2.0
1770631681.2443383,47.1,40.2,33.7,37.6,23.5,51.5,42.7,37.6,37.6,44.6,29.0,52.0,41.2,46.6,37.6,41.6,41.6,37.6,40.6,33.3,38.6,30.4,3.1,5.0,4.0,7.1,4.1,7.0,4.0,4.1,6.0,5.1,6.1,4.0,7.0,2.0,3.0,6.9,5.2,4.0,6.1,3.0,3.1,6.1,6.9,1.0,6.0,3.1,5.1,3.0,5.1,5.0,8.9,3.0
1770631682.2452512,35.0,39.2,29.1,27.7,38.6,47.6,49.0,26.2,48.0,31.0,31.1,33.7,34.7,39.6,23.0,38.2,34.7,45.6,26.9,28.7,34.0,28.7,4.0,3.0,3.1,4.0,5.0,2.0,2.0,4.0,2.0,6.0,1.0,2.0,4.0,2.0,1.0,3.0,4.0,2.0,4.0,1.0,2.0,4.0,3.0,1.0,2.0,3.0,3.0,1.0,3.0,3.0,2.0,1.0
1770631683.2456486,39.4,35.6,31.7,35.0,31.4,38.8,39.8,32.7,36.6,35.9,30.7,27.6,29.4,30.4,40.0,37.0,40.2,41.2,34.7,35.3,44.1,34.7,2.0,2.0,2.0,1.0,3.1,3.0,1.0,1.0,3.0,3.0,4.0,1.0,2.0,2.0,3.0,5.1,4.0,6.1,3.0,6.0,4.0,5.1,3.1,5.0,4.0,2.0,3.0,3.0,4.9,1.0,2.0,2.0
1770631684.2457178,38.6,37.6,45.0,38.2,45.0,42.0,40.2,37.3,39.0,46.6,45.1,37.3,41.0,38.0,39.2,42.7,31.0,46.6,42.6,45.1,40.6,40.2,4.1,7.1,4.1,3.1,5.1,8.1,5.1,5.1,4.1,2.0,2.1,3.0,5.0,2.0,4.0,4.1,2.0,4.0,5.1,2.0,3.1,3.0,6.1,0.0,3.1,3.1,2.1,3.0,2.0,1.0,3.0,4.1
1770631685.2457862,44.4,34.3,45.1,38.2,52.0,38.2,50.5,46.1,37.9,48.0,46.1,61.2,44.1,52.0,46.1,42.2,51.9,47.0,54.4,44.6,38.6,39.2,5.0,3.1,4.1,15.0,5.1,3.1,3.1,4.1,3.1,2.1,7.1,3.0,6.1,3.0,3.1,4.0,4.0,4.0,4.0,2.0,5.2,1.0,2.0,3.0,3.0,3.0,3.1,2.0,3.1,2.0,1.0,1.0
1770631686.2458563,46.5,48.0,45.5,50.5,51.0,43.1,42.0,48.0,45.0,54.5,50.5,43.0,48.5,57.8,48.5,50.0,49.0,51.5,49.5,44.6,49.5,51.5,21.2,10.4,6.1,5.2,4.1,4.1,2.0,4.1,5.0,5.1,3.1,2.1,3.1,3.0,3.1,3.1,4.0,1.0,4.1,4.0,4.0,2.0,4.0,2.0,3.1,2.0,3.0,5.1,2.0,4.1,5.1,3.0
1770631687.2459364,59.0,42.2,45.5,41.2,50.0,40.0,46.1,43.1,51.5,45.5,48.5,48.5,52.9,51.0,50.0,54.9,40.2,49.5,49.0,46.5,46.5,50.0,9.3,5.0,5.1,4.1,5.1,3.0,4.0,6.0,2.0,3.1,2.0,6.0,3.1,4.1,4.0,4.0,3.1,2.0,5.0,1.0,4.0,1.0,4.1,2.0,5.1,4.0,3.1,3.0,5.1,2.0,15.2,2.0
1770631688.2463036,49.0,39.8,46.1,40.6,45.5,38.6,38.0,44.0,46.5,44.6,43.3,43.0,43.6,40.2,36.0,43.7,50.5,51.0,42.0,48.5,44.6,47.1,3.1,3.1,4.1,4.0,5.1,4.0,3.0,5.1,4.0,2.0,13.9,2.0,3.1,1.0,4.1,2.0,5.2,2.0,4.0,3.0,3.1,3.0,5.0,1.0,4.1,3.0,5.0,2.0,2.0,3.1,7.1,4.0
1770631689.2466555,48.0,46.5,45.5,47.1,55.0,52.9,43.6,49.0,44.4,48.0,46.5,50.0,47.5,51.0,52.9,46.5,48.0,59.8,47.5,50.0,48.5,49.0,20.2,5.2,10.2,7.1,6.1,8.2,6.2,4.2,5.1,9.0,5.1,9.2,7.0,6.1,6.1,7.1,4.1,8.1,6.2,6.1,7.0,5.2,7.1,7.0,7.1,7.1,6.1,6.1,7.0,6.0,5.1,5.1
1770631690.2467287,49.0,49.5,60.0,49.0,47.1,56.4,56.4,51.5,51.5,52.5,47.0,53.9,53.9,51.5,54.5,54.4,49.5,48.5,52.0,52.0,52.5,54.5,15.2,8.9,9.0,8.2,9.1,7.1,14.0,6.1,9.2,7.0,7.3,12.1,4.1,8.1,5.2,7.1,7.1,7.1,6.1,8.1,5.1,6.0,6.1,7.1,6.1,8.1,4.0,7.1,7.1,6.1,9.0,13.1
1770631691.2467947,59.6,52.0,60.2,55.0,52.5,59.0,55.4,58.0,52.0,54.9,46.5,47.5,57.0,51.5,63.4,56.6,53.5,58.6,51.0,52.9,50.0,60.8,7.2,6.2,21.6,13.3,5.2,8.2,6.2,8.2,9.3,5.1,30.3,5.1,8.1,5.2,9.1,5.2,4.1,7.1,6.1,7.1,7.1,6.1,8.0,8.2,7.1,6.1,7.1,8.1,17.3,6.1,7.2,5.1
1770631692.2468534,56.9,48.0,51.0,50.0,51.0,52.9,49.5,52.0,51.5,48.5,50.0,50.5,53.0,57.4,50.0,49.5,43.0,59.4,56.0,58.0,45.5,56.3,5.1,5.1,2.1,41.6,4.1,3.1,4.0,4.0,3.1,4.1,5.0,2.0,1.0,2.0,3.0,3.1,6.0,2.0,4.1,4.0,5.1,1.0,4.1,2.0,5.1,2.0,2.0,3.0,3.0,2.1,4.0,5.0
1770631693.2469292,48.5,43.6,48.5,46.0,46.6,50.5,53.5,47.1,52.5,50.0,47.0,43.1,47.1,49.5,44.7,46.1,48.0,54.9,45.6,46.0,52.0,57.4,8.0,10.2,3.0,9.2,4.1,3.0,4.1,3.0,4.0,4.0,3.1,4.0,2.0,3.1,3.1,5.0,3.0,3.1,5.0,3.0,4.0,3.0,5.1,2.0,3.1,2.0,4.0,3.0,2.0,4.0,4.2,2.0
1770631694.2470028,44.9,45.5,60.4,47.5,54.0,47.5,48.0,52.0,49.5,45.5,47.0,42.6,50.0,52.5,41.2,49.5,46.1,52.9,55.9,50.0,52.0,57.8,5.1,7.1,5.1,6.1,4.1,9.2,4.0,20.2,5.1,3.0,5.1,3.1,4.0,2.0,7.0,3.1,4.1,4.0,3.1,3.0,2.0,5.1,3.1,3.0,6.0,4.0,4.0,3.0,4.0,3.0,6.0,1.0
1770631695.2470715,49.0,56.9,43.4,52.0,54.9,41.6,53.4,48.5,48.0,51.5,49.0,53.5,51.5,49.5,48.0,55.9,49.0,55.6,53.0,48.5,52.9,56.9,7.1,6.1,6.1,5.1,5.1,6.1,5.2,17.0,8.1,4.1,6.1,8.0,6.1,9.1,5.1,7.3,28.0,5.1,4.0,6.1,2.0,14.4,6.0,5.1,2.1,5.1,5.1,4.1,7.0,6.0,5.1,5.1
1770631696.2471368,48.5,49.5,52.4,50.5,51.5,49.5,53.5,57.4,46.5,50.0,46.5,44.4,51.5,54.5,49.0,52.5,49.0,51.5,50.5,54.0,48.0,50.0,4.0,5.1,3.1,4.1,5.1,2.1,4.1,3.1,3.1,2.0,4.1,4.1,2.0,4.0,3.0,19.2,15.3,5.2,2.0,4.1,4.0,9.0,5.0,4.1,3.1,5.1,4.1,4.0,4.1,2.0,1.0,4.1
1770631697.2472117,46.5,44.6,54.0,39.0,38.6,43.0,42.6,45.5,45.5,43.6,46.5,33.3,39.0,42.6,49.0,49.0,58.8,45.5,48.0,45.5,31.7,44.1,5.1,4.1,7.0,4.0,2.1,4.1,5.1,3.0,5.1,2.0,3.1,2.1,5.1,2.1,2.1,24.0,4.0,2.0,2.1,2.0,2.0,13.3,4.0,3.0,4.0,2.0,3.0,5.1,4.0,5.1,4.0,4.0
1770631698.2472913,46.0,52.5,45.5,44.7,41.4,51.0,46.1,49.5,49.0,44.6,46.1,46.5,55.9,47.1,53.9,44.6,52.0,49.5,41.6,49.5,44.0,56.0,25.0,4.0,6.1,2.1,4.1,4.0,5.1,3.0,4.2,2.0,7.1,4.0,3.1,12.0,6.0,3.0,5.1,2.0,5.1,5.0,6.0,4.0,2.0,3.0,2.0,4.0,4.0,3.0,4.0,3.1,2.0,4.1
1770631699.247364,53.4,52.9,47.0,47.5,48.5,46.5,51.0,43.6,60.2,52.5,44.4,46.5,45.1,44.6,44.1,51.5,49.0,48.0,40.0,53.9,45.1,52.0,4.0,3.1,4.0,7.1,5.1,3.0,7.0,2.0,6.0,2.0,3.0,1.0,11.1,5.1,1.0,2.0,3.1,2.0,5.1,1.0,3.1,2.0,4.0,3.1,4.0,3.0,2.0,4.0,2.0,4.0,2.0,2.0
1770631700.2474344,47.5,49.5,48.0,47.6,50.5,48.5,47.1,48.0,53.4,50.0,48.5,50.0,49.5,55.9,50.0,46.0,43.6,51.0,54.4,54.9,40.6,53.5,4.0,27.6,3.1,4.0,4.1,4.1,5.1,5.0,4.2,4.0,5.1,4.0,2.1,3.0,3.0,1.0,4.0,12.1,5.0,2.0,4.0,3.1,2.0,4.0,3.0,2.0,2.0,4.1,2.0,3.1,3.0,4.0
1770631701.2476192,55.0,47.0,49.0,54.4,35.4,52.5,49.5,51.5,51.5,44.6,46.0,50.5,45.2,54.5,53.4,49.5,60.8,44.0,49.5,55.9,53.5,51.5,9.3,11.0,8.2,6.1,6.1,6.1,6.1,23.7,5.1,5.1,7.1,4.1,7.1,1.0,5.2,5.1,6.1,23.0,7.1,4.0,4.1,4.0,5.0,5.1,3.0,4.1,2.0,6.1,5.0,4.1,5.1,5.1
1770631702.247725,49.0,43.6,44.4,47.5,47.0,47.1,42.0,38.4,45.1,46.1,48.0,53.4,42.0,45.5,42.0,42.7,43.6,51.0,56.3,49.5,49.5,45.5,18.4,20.4,2.1,4.1,3.1,4.1,5.1,2.0,3.1,2.0,4.1,4.0,6.0,3.0,7.1,3.0,3.0,3.0,4.1,2.0,2.1,4.0,2.1,5.0,3.1,3.0,4.1,2.1,5.1,1.0,3.1,3.0
1770631703.247795,35.0,47.1,45.1,52.5,45.1,41.2,43.1,35.3,48.0,34.7,31.7,52.5,43.1,35.0,50.0,44.0,36.9,34.0,46.5,45.5,49.0,39.2,4.0,3.0,5.0,4.1,4.0,3.1,3.0,5.1,2.0,3.1,2.0,2.0,2.0,4.0,2.0,4.1,4.1,2.0,5.1,3.0,2.0,8.0,4.0,2.0,4.0,2.0,2.0,4.0,3.0,4.0,5.0,0.0
1770631704.2478578,43.4,53.4,34.3,41.6,49.0,35.0,45.0,38.6,47.1,37.0,43.0,45.5,35.0,35.6,40.4,44.0,47.5,45.0,41.2,52.0,39.6,41.4,3.0,5.1,1.0,5.0,4.0,4.0,2.0,3.1,3.1,2.0,3.1,3.0,3.1,3.1,2.0,5.1,4.1,2.1,3.1,3.0,4.0,4.0,5.0,4.0,6.1,2.0,4.0,4.0,3.1,3.1,3.0,2.0
1770631705.24851,44.0,48.0,39.0,35.6,44.1,34.3,42.3,44.6,44.6,42.2,45.5,42.7,44.0,35.6,41.0,42.6,44.1,41.6,34.7,47.6,46.5,39.8,3.0,3.1,5.0,4.1,4.0,3.1,1.0,4.1,4.0,6.9,5.0,4.0,3.0,3.0,4.0,3.0,6.9,1.0,3.0,2.0,3.0,1.0,3.0,1.0,2.0,2.0,3.0,4.1,5.0,4.1,3.0,3.0
1770631706.2485938,41.0,42.0,33.7,48.0,40.0,39.4,44.6,42.6,52.4,33.7,49.0,36.4,42.2,34.7,37.3,47.5,36.0,38.0,39.0,45.5,43.1,34.7,5.1,1.0,3.0,5.1,2.0,3.0,4.0,3.0,3.0,3.0,1.0,6.1,7.0,3.0,4.0,3.0,4.1,1.0,1.0,2.0,7.0,1.0,3.1,2.0,5.0,1.0,1.0,2.1,1.0,5.9,2.0,5.0
1770631707.2486713,40.6,43.1,39.6,33.0,31.3,40.6,37.3,28.0,42.7,46.2,47.5,42.2,44.6,29.0,38.8,49.0,38.2,45.1,38.2,44.1,47.5,33.3,4.0,5.0,5.1,6.1,5.1,10.9,8.0,7.1,6.1,4.1,5.1,6.0,5.1,5.1,4.0,8.0,3.0,5.0,4.0,2.0,6.1,4.0,6.1,2.0,6.1,3.0,5.9,4.0,3.0,6.0,1.0,6.1
1770631708.2487543,35.6,44.1,42.0,43.0,46.5,45.5,40.6,42.2,44.6,46.5,31.7,41.7,39.6,44.1,41.7,42.2,39.8,34.3,42.2,38.6,39.2,49.0,3.1,4.1,3.1,4.1,5.1,3.0,4.1,4.0,3.1,3.0,6.1,3.1,3.1,4.1,5.1,3.0,4.0,5.1,0.0,7.1,4.0,4.0,3.1,3.0,3.1,2.0,4.1,2.0,3.0,3.0,5.0,3.0
1770631709.2488537,41.0,33.7,44.6,35.0,36.3,35.0,35.3,45.1,31.7,42.2,28.4,42.2,32.7,38.2,39.4,38.2,44.6,34.7,43.1,40.2,31.3,36.3,3.0,3.0,2.0,3.1,3.0,3.0,7.1,1.0,3.0,2.0,2.0,3.0,2.0,3.0,2.0,1.0,6.1,2.0,1.0,6.0,4.0,3.1,3.0,8.0,2.0,7.1,2.0,9.1,2.1,3.1,2.0,3.0
1770631710.248933,43.0,40.2,38.0,44.1,47.0,41.3,36.0,41.2,32.7,43.0,35.3,43.6,41.7,48.5,39.2,38.8,40.8,39.2,40.0,43.1,42.7,32.7,3.1,5.9,3.1,4.1,3.1,3.1,4.0,5.0,4.0,2.0,4.0,4.0,3.0,2.0,3.0,6.0,3.0,1.0,3.0,4.1,3.0,2.0,4.0,2.0,2.0,4.1,3.0,5.1,0.0,6.0,5.1,3.0
1770631711.2490165,40.0,28.0,44.1,33.0,29.7,32.7,31.4,32.7,30.1,29.8,32.4,36.6,31.7,38.8,37.3,36.6,45.1,36.9,31.4,55.4,43.0,39.0,2.0,1.0,3.1,4.0,2.0,3.0,2.0,3.0,6.0,1.0,2.0,3.1,3.0,4.0,5.1,1.0,4.0,3.0,1.0,4.0,3.0,3.0,0.0,2.0,4.0,1.0,3.0,4.1,5.0,2.0,3.0,1.0
1770631712.2492976,46.5,41.2,50.5,40.6,45.0,42.6,35.9,50.0,45.1,41.2,44.0,49.0,41.3,34.0,39.0,37.3,48.0,57.0,50.5,45.5,35.6,49.5,11.2,4.0,6.0,2.1,4.0,4.0,2.0,2.1,5.1,2.1,6.0,6.1,3.0,4.0,5.0,2.0,4.1,3.0,2.0,5.1,3.0,3.1,4.0,2.0,1.0,0.0,1.0,5.1,1.0,4.0,3.1,2.0
1770631713.2499142,38.0,38.2,43.1,56.9,41.7,42.0,38.2,45.1,50.5,42.2,38.0,50.0,45.0,38.5,41.7,42.7,37.3,43.7,41.2,41.6,36.3,44.6,3.0,4.1,4.0,7.9,3.1,5.1,4.0,4.0,2.0,3.0,3.1,4.0,3.0,2.0,3.0,2.0,2.0,3.1,4.0,3.0,4.1,2.0,3.1,1.0,5.0,0.0,3.0,3.1,5.0,3.0,14.1,3.9
1770631714.2499874,33.0,46.7,39.2,49.5,28.7,34.3,44.6,34.7,41.0,38.2,38.2,41.2,32.4,32.4,44.6,38.6,40.6,43.6,46.1,31.1,35.3,43.0,2.0,2.0,1.0,3.0,3.0,2.0,3.0,5.1,3.0,7.1,3.0,6.1,4.0,4.1,2.0,10.8,2.0,5.1,1.0,3.1,5.0,3.0,3.0,4.0,4.0,1.0,3.0,4.0,1.0,2.0,3.0,2.0
1770631715.2500684,39.8,31.0,43.6,40.2,31.7,33.0,50.0,37.3,42.2,37.9,45.1,53.9,36.6,43.6,35.3,40.6,31.7,30.4,41.0,37.4,40.8,38.8,7.0,3.0,3.0,12.1,4.0,4.0,4.0,5.1,4.0,5.9,2.1,6.1,5.1,7.0,4.1,3.0,2.1,4.0,4.1,2.0,5.1,3.0,3.1,2.0,5.1,3.0,6.1,3.0,4.0,2.0,4.1,2.0
1770631716.2501402,44.4,45.1,41.2,44.0,37.0,42.6,41.6,44.1,38.6,35.9,47.1,37.0,45.2,41.6,41.2,38.4,35.3,43.6,41.2,42.7,33.3,37.6,2.1,4.0,2.1,4.0,4.0,2.0,2.0,6.1,2.0,2.0,1.0,5.1,3.0,6.1,2.0,3.0,1.0,5.1,4.0,5.1,5.1,3.0,6.1,1.0,3.0,2.0,5.0,4.0,4.0,5.1,4.0,5.1
1770631717.2511342,42.4,39.0,39.6,31.4,40.8,34.7,46.6,32.0,49.5,37.6,33.7,31.4,45.5,28.7,39.2,39.2,36.6,33.0,42.0,26.5,24.0,43.1,3.1,4.0,5.0,5.0,3.0,4.0,3.0,5.1,3.0,3.0,3.0,3.0,2.0,6.0,2.0,2.0,3.0,2.0,4.0,5.9,3.0,3.0,2.0,3.0,3.0,2.0,1.0,7.0,1.0,3.0,2.0,3.0
1770631718.2512147,39.0,33.0,30.7,39.4,31.0,50.5,33.0,44.1,35.0,43.0,32.0,32.7,43.1,35.6,39.8,42.0,44.1,30.1,43.7,36.6,44.1,33.7,3.0,4.0,3.1,4.1,2.1,5.1,2.0,5.1,2.0,5.1,2.0,6.0,1.0,3.1,2.0,6.1,2.0,3.0,4.0,3.1,4.0,3.0,3.0,3.0,4.0,2.0,3.0,4.0,2.0,3.0,0.0,4.0
1770631719.2512832,32.7,48.5,34.3,43.1,38.2,39.2,36.6,46.5,42.0,38.2,39.0,37.3,43.6,49.5,43.1,48.0,42.2,37.4,41.0,38.6,43.0,37.6,3.0,2.0,4.1,4.0,4.0,3.1,3.1,4.0,3.0,5.0,2.0,4.1,3.0,5.1,2.0,3.1,1.0,5.1,2.0,5.1,1.0,2.1,4.0,2.0,4.0,2.0,3.0,3.1,2.0,3.0,4.0,1.0
1770631720.2513633,34.7,27.5,48.0,33.3,44.7,42.6,38.2,25.7,40.2,46.5,33.7,34.0,41.0,47.6,41.7,42.3,44.1,37.9,45.5,27.2,38.2,32.7,3.0,4.1,3.0,4.1,1.0,5.0,3.0,3.0,2.0,1.0,1.0,3.1,1.0,4.0,2.0,3.0,4.0,2.0,1.0,4.1,4.0,2.0,2.0,4.0,2.0,3.0,4.0,5.0,5.0,3.0,1.0,3.0
1770631721.2514455,38.4,44.6,38.2,43.0,41.0,33.0,36.3,38.0,46.5,43.6,32.4,50.5,34.0,48.0,42.6,45.0,43.6,35.3,38.2,42.6,37.6,44.0,2.0,4.0,4.1,4.0,4.0,1.0,3.0,2.0,4.0,3.0,2.0,4.0,2.0,1.0,4.0,1.0,3.0,2.1,2.0,6.0,1.0,5.1,1.0,5.0,2.0,2.0,4.0,4.0,3.0,4.0,1.0,8.2
1770631722.2520456,42.6,41.0,47.0,37.6,44.1,43.7,46.0,34.0,39.6,40.8,41.6,46.6,38.5,45.1,48.0,38.6,49.5,41.2,46.5,39.6,40.6,40.4,4.0,4.0,4.0,3.0,1.0,3.1,3.0,2.0,2.0,3.0,1.0,2.0,2.0,2.0,4.0,2.0,3.0,4.0,7.1,3.0,4.0,8.1,2.0,6.0,5.1,3.0,3.1,3.0,2.0,6.0,4.0,2.0
1770631723.2521434,38.6,31.7,47.6,37.6,35.6,30.7,46.1,31.4,34.7,25.7,44.1,38.8,36.0,32.4,43.1,43.7,41.2,27.7,25.7,44.1,42.2,36.0,2.1,3.0,3.0,3.0,2.0,2.0,2.0,3.1,4.0,1.0,1.0,3.0,3.1,0.0,3.1,0.0,4.0,1.0,3.0,6.1,2.0,5.1,4.0,3.1,4.0,2.0,2.0,4.0,1.0,6.1,3.0,3.0
1770631724.2531788,34.7,27.7,43.6,33.7,39.0,45.1,37.6,35.0,40.2,34.0,39.2,32.0,31.7,32.4,36.3,42.6,47.0,32.0,33.3,45.0,33.3,38.8,5.1,5.1,6.1,4.0,14.0,5.1,5.1,5.0,4.1,5.0,5.1,5.1,4.0,8.9,4.0,4.1,2.0,6.0,2.0,11.0,3.1,6.1,2.0,7.1,4.0,5.1,3.0,5.1,5.0,4.0,2.0,4.0
1770631725.2532578,38.8,31.7,36.0,35.3,28.7,34.7,31.7,39.0,38.0,41.2,32.7,25.7,32.4,37.0,28.7,40.2,41.6,38.6,26.5,37.6,31.7,36.6,4.1,3.1,4.0,4.0,24.7,3.0,4.0,5.0,5.1,6.1,4.0,4.1,5.0,4.1,2.0,3.0,3.0,4.0,0.0,6.1,4.0,2.0,2.0,4.0,4.0,2.0,2.0,5.1,0.0,7.0,1.0,6.9
1770631726.2533488,51.5,39.8,38.0,38.2,45.1,39.2,36.9,42.0,35.3,43.0,39.6,33.7,38.2,38.2,36.9,34.7,40.2,29.1,44.6,37.6,35.6,42.6,4.0,4.0,3.1,4.0,1.0,3.1,3.0,2.0,3.0,5.1,3.0,3.1,2.0,3.0,3.0,4.1,3.0,6.0,4.0,4.0,1.0,5.1,2.0,3.1,4.0,2.0,3.0,2.0,6.1,1.0,3.0,3.1
1770631727.253443,28.3,42.6,37.6,34.3,30.4,34.3,32.0,48.5,25.0,32.0,38.8,39.2,33.7,34.7,27.7,37.9,37.3,25.3,44.7,42.2,32.7,42.2,12.0,2.0,2.0,2.1,2.0,4.0,3.0,2.1,2.0,3.1,3.0,3.0,3.0,3.0,3.0,6.1,3.0,4.1,2.0,5.1,2.0,7.1,1.0,7.0,3.0,6.0,2.0,4.0,1.0,5.0,1.0,6.1
1770631728.2535298,46.1,37.0,32.7,46.1,51.0,28.7,37.9,33.3,33.3,35.0,32.7,41.0,35.0,38.2,33.7,46.1,36.6,36.3,38.6,36.3,42.2,32.7,8.0,5.1,6.1,4.0,2.0,2.1,3.0,5.0,3.0,6.1,4.0,4.0,3.0,4.0,2.0,5.1,4.0,3.0,3.0,4.0,3.0,3.0,2.0,4.0,1.0,2.0,4.0,1.0,3.0,1.0,16.2,2.0
1770631729.2536519,50.5,42.2,40.0,36.6,41.7,35.6,47.5,50.0,57.8,33.3,35.0,38.2,45.1,48.5,48.5,36.0,43.6,39.6,41.0,28.7,44.6,46.0,4.0,3.0,4.1,5.1,6.1,5.0,4.1,1.0,5.1,4.0,4.0,4.0,2.0,7.1,1.0,7.1,3.0,4.1,2.0,3.1,3.0,3.1,2.0,2.0,3.0,2.0,2.0,2.0,2.0,1.0,17.8,3.0
1770631730.2537289,49.0,45.0,43.1,36.9,34.0,38.2,42.6,60.8,43.6,42.6,41.6,42.6,46.5,37.0,48.5,50.5,42.6,52.5,47.5,54.0,41.6,41.2,2.1,3.0,5.0,3.0,6.1,3.1,4.0,2.0,7.1,2.0,4.0,3.0,3.1,2.0,1.0,4.0,2.0,2.1,19.2,1.0,3.1,2.1,4.0,3.0,4.1,2.1,3.0,5.1,2.0,4.0,11.2,5.1
1770631731.2537982,48.5,50.0,48.0,51.0,39.2,42.6,50.5,60.4,46.1,45.5,44.1,43.6,45.2,43.7,45.5,48.5,46.5,42.3,53.5,41.7,50.0,45.5,11.1,7.0,8.2,6.1,3.1,7.1,6.1,7.1,6.1,4.1,5.1,4.1,5.0,4.1,4.1,7.1,6.2,3.1,18.0,5.0,4.1,3.1,3.1,7.0,4.0,5.1,4.1,5.1,4.0,5.1,4.0,8.1
1770631732.2539287,45.5,39.2,40.0,47.1,49.5,41.6,34.3,53.9,46.5,46.1,47.1,38.2,50.5,36.6,46.1,38.2,39.8,40.2,44.7,36.6,32.4,47.5,3.0,2.0,4.1,3.0,4.1,6.1,5.0,2.1,3.1,3.0,4.0,2.0,3.0,4.0,1.0,4.1,4.0,4.0,2.0,3.0,3.0,4.9,4.0,5.9,1.0,4.0,3.0,1.0,1.0,5.0,2.0,3.1
1770631733.2540135,40.0,51.5,43.6,44.6,43.1,39.2,45.6,26.2,46.6,42.6,34.0,39.2,44.6,36.3,45.0,39.0,39.2,36.6,26.5,43.7,24.8,45.1,4.0,3.0,4.0,3.0,4.0,1.0,2.0,3.0,4.0,4.1,2.0,2.0,5.0,1.0,3.1,5.0,1.0,0.0,2.0,2.0,2.0,1.0,5.1,1.0,5.1,2.0,6.1,1.0,5.1,1.0,3.0,3.0
1770631734.254168,47.5,36.4,46.0,38.2,42.6,43.7,47.1,41.6,32.7,43.1,37.6,46.5,43.1,41.6,42.7,43.1,44.0,39.6,41.0,50.5,39.0,47.1,2.0,4.0,4.0,3.0,2.0,5.0,5.1,3.0,3.1,5.0,4.0,2.0,5.0,3.0,3.0,2.0,3.0,4.0,3.0,1.0,3.0,2.0,5.0,2.0,2.0,3.0,4.0,4.0,3.1,4.1,4.0,4.0
1770631735.2542586,47.5,36.3,41.6,39.6,45.5,50.0,45.5,45.5,37.3,44.6,41.6,43.7,57.3,37.3,45.5,47.5,45.1,49.5,51.0,41.2,38.5,51.0,12.1,1.0,6.1,3.0,4.1,1.1,4.1,2.0,4.0,4.1,1.0,2.0,5.1,1.0,3.0,5.1,3.0,5.1,3.0,4.1,2.0,3.0,2.0,3.0,4.0,4.0,4.1,3.0,6.2,0.0,4.0,3.1
1770631736.2543485,56.4,45.5,46.5,50.5,48.0,48.5,45.0,46.5,43.6,40.0,60.2,46.0,50.0,50.0,48.0,49.0,54.4,59.0,44.6,43.0,46.0,52.0,5.1,6.1,5.0,5.1,4.0,6.0,5.1,3.1,3.1,4.1,3.0,3.0,2.0,1.0,2.0,3.0,1.0,3.0,2.0,3.0,3.1,3.0,6.0,1.0,5.2,2.0,6.1,3.0,4.0,4.0,2.0,5.0
1770631737.2544322,48.5,51.0,50.0,49.0,51.5,41.2,50.5,44.4,39.6,52.4,50.5,47.5,44.6,41.6,53.9,49.5,55.0,45.0,45.5,50.5,44.0,51.0,2.1,5.0,27.8,2.0,5.1,1.0,4.1,3.0,2.1,3.0,3.0,2.0,3.0,3.1,2.0,3.0,4.0,2.0,5.0,1.0,5.1,1.0,5.1,3.0,6.0,3.0,5.1,3.0,3.0,2.1,5.1,4.0
1770631738.2551582,49.0,53.5,50.5,42.7,51.5,45.0,58.4,46.0,47.0,43.6,51.0,42.6,48.0,48.0,50.5,46.1,45.6,46.6,54.5,49.0,55.9,46.5,7.0,18.6,19.0,6.0,6.1,5.1,5.1,7.1,8.2,4.0,5.1,4.0,6.1,23.2,4.1,5.1,7.1,5.1,5.2,3.1,4.1,5.1,5.1,3.1,9.1,7.0,5.1,5.1,5.2,5.1,4.1,6.1
1770631739.255785,61.4,50.5,49.5,44.0,46.5,54.5,59.4,47.5,56.3,47.5,48.5,42.6,46.1,49.0,48.5,55.0,49.5,52.5,46.1,55.1,52.5,55.4,40.4,5.2,8.1,11.2,10.1,12.2,9.0,8.2,12.0,16.5,13.3,12.2,6.2,8.1,9.1,7.2,8.1,16.3,11.0,13.1,7.1,8.2,6.1,11.1,9.1,6.0,8.2,7.1,11.1,7.9,9.2,9.1
1770631740.255894,55.4,55.0,48.5,50.5,45.5,52.0,58.4,54.4,50.0,52.0,49.5,49.5,56.9,53.5,52.4,48.5,49.0,46.0,53.9,48.0,47.0,61.4,14.1,8.0,7.1,6.1,7.1,9.1,6.1,10.2,6.1,8.2,7.0,4.1,7.0,6.3,4.1,8.9,5.1,6.1,6.1,4.1,8.2,8.2,7.1,6.1,7.1,6.2,8.1,6.1,4.1,8.0,5.2,6.1
1770631741.2559788,42.9,58.4,45.1,53.4,43.6,46.0,57.4,51.5,49.5,47.5,48.5,47.5,56.4,54.4,56.4,48.0,44.2,62.1,55.3,47.1,61.4,50.5,36.4,2.1,3.1,4.1,5.1,2.1,5.1,5.1,4.0,7.0,10.2,6.0,3.1,5.1,4.1,5.1,4.1,3.0,4.1,5.1,2.0,8.1,2.0,3.1,3.0,5.1,2.1,5.1,5.1,5.2,10.1,2.0
1770631742.2563138,53.9,51.5,45.0,48.5,50.5,55.9,47.5,50.5,49.0,54.0,51.0,50.0,49.0,49.0,52.5,50.0,48.0,41.6,56.4,48.5,49.0,52.0,3.1,4.1,4.1,6.1,3.1,4.1,4.1,4.1,3.1,4.1,23.5,2.0,6.0,3.1,5.0,2.1,3.0,3.1,4.1,3.0,5.2,2.0,6.1,2.0,6.1,2.0,5.1,4.0,4.0,1.0,3.0,3.0
1770631743.256654,49.5,52.0,50.0,42.2,46.1,45.5,48.0,52.5,52.0,51.0,48.5,45.1,49.5,52.9,54.9,50.0,52.5,46.6,57.6,48.5,49.0,53.9,12.2,4.1,18.4,3.1,6.0,5.1,3.0,4.1,5.1,2.0,7.1,1.0,4.0,3.1,1.0,4.0,7.1,3.0,7.1,2.0,4.0,3.1,3.1,5.0,6.1,3.0,5.1,4.1,9.2,2.0,3.0,2.0
1770631744.2567222,41.8,49.5,51.0,47.5,43.6,48.5,48.0,43.0,45.1,49.5,47.0,49.0,54.9,42.4,43.6,44.6,53.5,55.9,52.4,40.6,46.0,54.5,21.4,9.2,21.2,7.1,6.1,5.1,5.1,8.2,20.2,5.1,5.1,4.0,6.1,6.1,4.0,5.1,4.0,3.1,21.2,2.0,8.2,3.0,6.1,3.1,6.1,3.1,5.2,5.0,8.1,5.1,5.1,5.1
1770631745.2573922,48.0,44.0,50.5,50.5,43.0,49.5,40.0,47.1,46.1,39.0,43.7,49.5,48.0,42.2,50.0,48.5,40.2,58.4,50.5,52.4,51.5,52.5,9.2,5.1,7.2,4.1,4.1,3.0,3.1,3.1,3.1,3.0,4.0,3.0,4.1,4.0,1.0,4.0,1.0,5.0,4.0,0.0,3.9,2.0,5.0,4.0,3.0,3.0,3.0,1.0,5.1,5.1,4.0,4.0
1770631746.2574768,49.5,52.5,48.5,51.5,54.5,55.9,49.5,49.5,45.1,59.8,48.0,40.6,51.0,49.5,50.5,47.1,51.0,46.1,48.5,53.5,54.4,51.0,3.1,17.3,9.1,5.1,3.1,2.1,3.0,4.1,3.0,6.1,5.0,3.1,3.0,4.1,5.1,3.0,6.0,4.0,4.1,3.0,4.0,3.0,4.1,2.0,1.0,4.0,1.0,5.1,2.0,4.0,5.1,3.1
1770631747.2575452,50.5,50.0,49.5,49.0,52.9,47.5,52.5,45.5,57.4,45.1,45.2,45.5,51.0,53.9,54.4,40.4,53.5,43.6,52.9,50.5,51.0,43.6,7.9,10.9,8.1,4.1,3.1,3.1,3.1,7.0,2.0,5.1,3.1,6.0,3.0,4.1,4.0,2.0,4.1,2.0,5.1,1.0,2.0,2.0,7.1,2.0,4.0,3.0,1.0,5.1,2.0,5.1,4.0,5.1
1770631748.2576292,44.9,52.4,45.1,51.5,41.2,48.0,42.0,57.8,43.7,43.6,39.0,44.1,45.5,43.6,45.5,44.6,49.5,45.6,47.0,44.1,47.1,45.6,2.1,3.1,39.8,3.0,5.0,2.0,5.0,5.1,6.9,3.0,3.0,3.0,3.0,3.1,3.1,4.0,4.0,4.0,3.1,2.0,4.0,2.0,8.0,1.0,3.1,2.0,2.0,2.0,3.0,3.0,3.1,4.0
1770631749.2577662,49.5,51.5,54.5,49.0,50.0,50.0,54.5,50.5,56.4,50.5,58.4,48.0,52.5,47.5,44.4,53.4,44.6,47.0,46.0,43.0,52.9,54.5,13.1,3.1,34.0,3.1,4.1,5.9,2.1,3.1,3.1,3.1,4.0,4.0,4.1,4.0,2.0,4.0,4.1,3.0,2.0,3.0,5.1,1.0,2.1,3.0,4.0,3.0,4.0,2.0,2.0,4.1,2.0,2.0
1770631750.25785,54.5,59.2,62.0,57.3,54.9,62.4,60.6,54.9,53.5,53.9,55.4,60.4,58.0,53.0,55.9,60.0,48.5,55.6,60.2,58.4,51.5,54.0,7.1,5.2,13.3,8.1,6.1,5.2,7.1,7.1,5.1,7.1,24.2,4.0,11.2,4.1,5.1,5.1,6.1,3.1,8.0,6.1,6.1,4.1,8.1,4.1,5.2,5.1,5.2,4.1,8.2,5.9,9.2,4.0
1770631751.2580993,54.5,53.0,45.5,51.0,52.5,52.0,53.9,58.0,48.0,49.5,53.9,62.7,53.8,60.2,55.4,52.5,51.5,50.5,55.4,46.5,57.4,47.1,17.2,7.0,6.1,4.2,19.4,4.1,3.1,5.1,5.1,5.1,3.1,3.1,5.1,3.1,4.1,4.1,3.1,4.0,4.1,3.0,3.0,4.1,4.1,4.0,4.1,4.0,4.0,3.0,4.1,3.0,4.0,4.0
1770631752.2583659,42.6,46.0,36.3,45.0,50.5,41.7,40.6,46.5,45.5,48.0,39.0,43.6,42.0,48.5,47.1,47.0,34.3,50.0,52.5,48.5,45.1,43.6,7.1,4.1,5.0,7.0,14.1,3.1,16.2,4.1,3.0,4.2,3.1,3.1,2.1,4.1,3.0,4.0,2.0,2.0,3.0,3.0,3.1,5.0,4.0,9.0,5.1,2.0,4.0,2.0,5.0,1.0,4.0,4.1
1770631753.2591157,54.5,40.8,49.0,45.0,46.0,41.0,39.4,44.7,41.2,49.0,48.0,38.6,44.1,37.6,42.4,48.0,44.6,48.0,45.1,53.4,43.6,49.5,14.3,4.0,3.1,4.1,4.0,3.1,4.1,2.1,3.1,5.1,4.0,2.0,4.0,5.0,3.0,6.1,4.0,5.9,32.3,3.0,5.1,3.1,5.1,5.1,4.1,1.0,4.0,2.1,5.1,3.0,4.0,3.0
1770631754.2600887,55.0,46.5,39.0,43.1,46.1,47.1,46.1,41.2,47.5,35.0,46.5,44.1,44.4,44.1,46.5,37.6,44.0,39.6,45.1,47.5,41.0,44.6,14.9,4.1,4.0,5.1,5.0,6.1,10.1,6.0,5.1,3.1,4.0,3.1,3.1,4.0,4.0,1.0,1.0,2.0,14.1,2.0,2.0,5.1,3.0,2.1,3.0,5.1,5.0,5.0,3.0,4.1,3.1,4.1
1770631755.260997,46.5,38.4,38.0,50.5,43.6,47.1,45.6,46.1,41.6,51.5,55.4,40.2,46.5,44.6,55.3,45.1,50.0,43.6,44.1,48.0,52.4,43.7,10.1,5.1,2.0,17.2,3.1,3.1,6.0,4.1,2.0,5.1,3.0,3.1,2.0,3.1,4.1,3.0,3.0,3.0,3.1,1.0,5.0,1.0,4.1,4.0,3.1,3.0,4.1,3.0,6.1,2.0,7.0,2.0
1770631756.2610781,55.0,49.0,48.5,47.1,44.0,48.0,50.5,42.6,51.5,49.0,58.8,44.0,44.1,53.5,45.0,53.9,48.0,55.4,49.5,49.0,47.0,56.4,7.1,6.1,6.1,5.2,5.1,7.1,3.1,7.1,3.0,7.1,4.0,5.1,8.2,6.1,6.1,4.1,3.1,4.0,5.1,5.1,5.1,6.1,5.1,6.0,5.0,5.0,3.0,6.1,4.0,5.1,3.1,7.9
1770631757.2611582,51.0,46.5,60.6,46.5,50.0,55.4,52.0,56.9,51.5,47.5,49.0,55.9,52.0,47.5,45.1,53.9,61.4,55.9,52.0,56.9,44.0,52.5,8.0,5.1,11.1,5.1,4.1,4.1,7.1,6.0,5.1,4.1,8.2,3.1,5.1,5.1,7.1,4.1,5.1,3.1,4.1,4.1,5.1,2.1,6.1,5.1,6.1,5.1,3.1,5.1,5.1,3.0,6.2,5.1
1770631758.2614124,49.5,42.2,58.8,58.8,46.0,49.0,47.5,44.6,49.0,58.3,46.1,49.0,46.1,57.8,48.5,50.0,47.6,56.0,50.5,46.0,53.5,42.6,2.1,7.2,3.1,5.1,3.0,5.2,4.0,4.1,2.0,5.1,6.1,4.0,3.0,6.0,4.0,2.0,2.0,3.0,2.0,3.1,4.0,5.0,3.0,4.0,3.0,4.0,4.0,3.1,3.0,4.1,3.1,5.1
1770631759.2614968,42.9,51.0,54.0,50.0,54.5,43.6,51.0,51.0,52.4,44.6,49.5,52.5,48.0,49.0,44.0,49.0,44.0,50.5,43.6,49.5,51.5,47.1,10.2,5.1,5.1,9.1,4.1,6.1,3.1,4.1,2.1,4.0,3.1,5.1,1.0,3.1,3.0,3.1,3.1,4.1,3.1,2.0,7.2,3.0,5.1,5.1,3.1,4.0,4.1,4.0,3.1,2.0,4.1,2.0
1770631760.2617629,51.5,47.5,57.3,45.1,45.1,44.7,48.0,49.0,47.5,54.5,51.5,49.5,52.0,49.5,54.5,52.4,51.0,50.5,52.0,40.2,61.2,49.5,4.0,6.2,3.1,2.1,4.0,4.0,3.1,5.1,4.1,4.0,2.1,3.1,4.0,5.1,3.1,4.0,5.1,3.0,5.9,1.0,2.0,3.1,5.1,5.1,5.2,1.0,5.1,4.1,4.0,3.0,6.1,3.0
1770631761.2628164,43.0,55.4,58.0,49.0,48.0,57.8,47.6,47.0,53.4,53.9,50.5,50.0,54.0,53.5,51.5,44.7,52.0,51.9,47.1,48.5,56.9,51.5,4.0,35.0,3.1,5.1,4.2,4.0,3.1,5.1,5.9,2.0,4.0,6.1,2.1,5.1,4.0,4.1,2.0,4.0,2.1,4.0,2.0,3.0,4.1,3.0,6.1,2.0,4.1,3.0,2.1,2.0,3.1,4.0
1770631762.263234,44.9,51.5,47.6,54.0,46.9,59.0,48.0,54.0,53.5,49.0,52.5,58.0,52.0,51.9,46.0,47.5,48.5,49.0,52.5,53.5,50.0,52.4,4.1,3.1,10.2,4.0,6.1,4.1,6.0,5.1,5.1,4.1,3.1,5.1,2.0,5.1,3.1,8.1,3.0,7.1,3.0,5.1,3.0,6.1,5.1,6.1,4.1,6.1,5.1,4.0,10.1,5.0,8.1,3.0
1770631763.2642531,48.0,48.0,47.0,46.1,44.6,46.1,42.0,48.1,49.0,52.9,47.0,47.5,50.5,45.5,54.5,52.0,49.0,50.0,55.4,48.5,46.5,44.4,2.1,22.0,4.1,3.1,5.1,4.0,4.1,3.1,4.1,5.1,3.0,3.1,4.0,5.1,5.1,4.0,4.0,9.2,3.1,3.1,3.0,4.1,5.2,2.0,6.0,4.0,6.1,3.1,5.1,3.1,5.1,4.0
1770631764.2643297,53.5,49.0,45.0,45.1,51.0,52.5,53.9,46.0,46.1,43.0,43.0,46.2,45.0,47.1,47.5,47.6,43.6,51.5,46.1,41.6,49.5,48.5,4.0,38.0,5.1,3.0,4.1,3.1,4.0,2.1,4.0,5.1,3.1,3.1,2.0,4.0,3.0,3.0,1.0,4.0,4.0,4.0,4.0,5.1,5.1,3.0,2.0,5.1,3.1,5.0,2.0,4.0,4.0,2.0
1770631765.2650087,49.0,46.5,45.5,45.5,48.5,46.0,45.0,44.6,43.0,52.9,51.0,41.6,44.6,46.5,47.5,44.0,46.0,52.0,48.0,51.5,52.0,49.0,2.1,21.2,4.0,5.0,6.0,5.0,4.1,5.0,2.1,4.0,3.0,3.0,4.0,2.1,3.0,2.1,2.0,2.0,1.0,5.0,3.1,2.0,2.0,3.1,3.0,2.0,5.0,3.1,11.0,3.1,5.1,2.0
1770631766.265094,46.0,50.5,40.0,48.0,44.6,48.0,43.1,49.0,48.0,43.1,46.6,49.5,43.6,44.6,47.1,47.6,48.0,46.1,40.6,49.0,54.4,49.5,5.1,3.0,4.1,2.0,3.1,5.2,3.1,4.2,3.1,3.1,3.1,2.1,3.1,3.0,3.1,2.0,3.0,3.0,3.0,3.1,3.0,2.0,2.0,5.0,4.0,3.1,3.0,3.1,3.1,3.0,2.1,1.0
1770631767.2651782,48.0,54.5,46.5,45.5,42.9,54.5,42.6,51.5,48.0,47.5,50.0,48.5,42.6,45.6,49.0,50.0,52.4,47.5,51.0,47.1,50.5,46.5,4.1,4.0,4.1,2.1,5.1,5.0,3.0,4.0,3.1,2.0,4.1,2.0,4.1,2.1,4.0,6.0,5.1,3.0,4.0,4.0,4.0,5.0,3.0,4.1,2.0,5.9,2.0,5.9,4.0,6.1,4.0,6.0
1770631768.2653077,50.5,51.0,50.5,48.1,50.0,49.0,38.6,63.1,44.0,53.5,52.5,50.0,43.6,46.9,47.0,48.0,56.6,56.4,41.0,53.5,47.1,42.6,3.1,4.1,3.0,4.1,4.0,4.1,4.0,4.1,4.0,5.1,5.1,2.0,2.0,5.1,4.1,3.1,3.0,1.0,4.1,3.1,4.1,3.1,3.1,5.1,4.1,3.0,4.0,4.1,2.0,5.1,1.0,5.1
1770631769.2664073,43.9,53.0,46.5,64.0,40.0,58.4,45.5,45.5,47.6,51.5,48.0,44.6,43.1,52.9,40.6,45.5,50.0,44.6,41.0,44.7,47.1,46.5,6.9,5.1,6.1,6.1,6.1,5.1,4.1,7.1,3.1,6.1,4.1,7.0,6.1,3.1,5.1,6.1,4.1,6.1,6.1,5.0,7.0,5.0,5.1,5.1,5.1,5.1,7.1,4.1,7.0,5.0,4.0,4.0
1770631770.2664855,54.5,41.2,46.1,48.5,40.6,52.0,47.0,51.5,53.5,48.5,52.5,52.0,45.0,50.0,43.6,46.5,43.7,45.5,45.5,40.6,55.4,49.0,6.1,3.1,4.1,4.0,3.1,4.0,4.1,4.1,4.1,4.0,1.0,5.2,2.0,5.1,1.0,6.1,4.0,4.1,3.0,5.1,3.1,3.1,4.0,3.1,4.0,5.9,4.0,5.1,5.1,4.0,3.1,2.0
1770631771.267143,45.0,42.2,40.4,46.1,42.6,46.1,44.1,41.7,44.6,37.6,47.0,46.1,46.0,44.4,51.5,45.1,39.2,43.1,40.6,38.2,37.6,40.2,4.1,3.1,5.1,3.1,7.1,4.0,6.1,2.0,6.1,1.0,5.1,2.0,4.1,1.0,4.0,5.1,2.0,4.1,2.0,4.1,2.0,5.1,2.0,5.1,2.0,4.1,4.1,4.1,4.1,1.0,5.1,1.0
1770631772.2674234,38.4,47.5,46.9,54.9,45.0,46.0,53.5,48.0,43.1,46.1,48.5,46.5,47.6,44.7,52.9,54.9,51.5,50.5,44.1,51.5,41.2,49.5,20.2,3.1,4.0,7.0,3.1,4.1,4.0,4.1,3.0,4.1,2.0,4.0,3.0,5.1,5.0,4.1,4.1,3.1,6.0,3.0,5.1,3.0,5.0,3.1,3.1,3.0,5.1,2.0,6.1,3.0,5.1,1.0
1770631773.2686899,55.4,55.6,57.3,53.5,53.9,48.0,58.0,46.5,53.5,52.5,56.6,51.5,51.0,52.0,48.5,48.5,55.0,57.4,49.5,54.5,54.9,51.0,3.1,5.9,3.1,4.1,6.1,3.1,3.1,3.1,4.0,3.1,5.0,3.1,3.0,4.1,4.0,5.9,2.0,5.1,2.1,3.0,2.0,2.0,2.0,3.0,2.0,4.1,2.0,6.0,1.0,3.1,4.0,6.0
1770631774.2687657,51.5,49.5,47.5,49.5,47.5,56.3,51.0,49.0,58.0,49.0,50.5,54.0,49.5,46.1,56.3,46.0,51.5,50.0,42.6,48.0,53.5,47.5,5.1,4.1,4.1,4.1,4.1,3.1,5.1,4.1,3.1,3.1,5.1,4.1,2.1,3.1,3.1,3.1,3.1,5.9,6.0,5.1,4.0,6.1,2.0,8.0,2.0,8.2,3.0,4.1,3.0,6.1,10.1,3.1
1770631775.268852,45.0,51.5,55.0,43.6,59.0,53.0,59.0,49.5,47.6,50.0,50.0,52.0,45.5,47.0,51.0,48.5,56.0,51.5,51.5,51.0,45.0,51.0,5.1,6.0,5.1,5.1,5.1,4.1,3.1,2.1,4.0,9.1,5.2,3.1,3.1,5.0,3.1,7.0,2.0,3.1,3.1,2.1,2.1,5.1,3.1,6.1,2.0,6.1,1.0,5.1,2.0,6.1,3.0,4.0
1770631776.2689319,45.5,50.0,50.0,45.5,44.7,42.2,43.1,48.5,44.0,57.4,48.0,49.0,50.5,54.5,48.0,51.5,51.5,44.1,45.0,46.5,45.5,46.6,5.1,4.0,5.1,6.1,4.0,6.0,4.0,6.0,1.0,4.1,4.1,3.0,3.0,4.1,3.0,2.0,3.0,5.1,3.1,4.0,3.1,3.0,5.1,2.0,1.0,4.1,2.0,5.0,0.0,5.1,2.0,4.1
1770631777.2693458,45.5,43.6,46.5,45.0,43.0,51.0,55.4,55.9,47.5,47.5,47.5,52.9,50.0,50.0,42.6,54.9,56.9,46.6,46.5,44.0,51.0,50.0,3.1,6.1,4.1,4.0,4.0,3.1,3.0,5.1,4.0,5.1,4.1,2.1,4.1,3.0,4.0,3.1,8.2,3.1,4.0,2.0,3.1,1.0,4.1,3.0,5.0,4.0,2.0,3.1,2.0,4.1,2.0,2.0
1770631778.2694182,55.0,41.6,50.5,54.4,45.0,51.0,46.1,50.0,54.0,54.5,56.4,47.5,54.5,56.9,50.5,56.4,48.5,50.0,60.2,46.1,48.5,47.0,3.1,3.1,5.1,5.2,3.1,4.1,5.1,5.1,4.1,5.1,6.1,4.0,4.0,4.1,5.1,6.1,4.0,6.1,2.1,5.1,4.0,4.1,5.1,3.1,4.1,4.0,2.0,6.1,4.0,5.1,5.1,5.1
1770631779.2694957,57.6,47.1,43.0,45.5,43.0,57.0,41.0,47.0,46.5,45.5,44.6,49.5,52.9,49.0,48.5,50.0,42.2,51.0,49.0,42.2,40.6,49.5,5.1,3.1,4.1,3.1,4.0,4.1,3.1,4.1,5.1,5.0,4.0,2.1,4.1,3.1,5.1,3.0,4.0,2.0,4.0,3.0,3.1,4.0,4.0,5.1,2.0,4.1,1.0,6.1,3.0,3.1,1.0,5.1
1770631780.2696016,45.5,39.0,43.6,46.1,43.4,52.5,42.2,42.2,49.5,49.5,44.1,43.6,51.0,47.5,41.4,42.2,49.5,48.0,49.0,49.0,45.1,51.5,3.1,6.1,6.1,7.1,5.1,8.1,4.0,5.1,5.1,4.0,4.1,6.1,5.1,4.0,3.1,4.0,3.1,8.1,4.0,4.1,5.1,5.1,4.1,5.1,4.0,3.1,3.1,6.1,3.0,6.1,3.0,6.1
1770631781.2696738,48.5,50.5,52.0,51.0,52.0,58.4,48.0,50.5,63.4,46.1,48.0,57.4,52.0,46.0,49.0,54.5,49.0,48.0,51.5,45.5,52.0,48.0,4.0,5.2,4.1,6.1,4.0,5.2,3.1,4.1,4.0,5.1,4.0,3.1,5.1,1.0,4.1,3.1,4.1,3.0,4.1,2.0,3.1,3.0,5.1,2.0,5.0,4.0,3.0,5.1,1.0,7.1,2.0,4.0
1770631782.2697623,46.5,50.5,53.9,52.0,46.0,40.6,37.6,52.5,43.4,51.0,41.6,38.2,42.6,42.6,47.5,48.0,50.5,54.0,52.5,52.5,40.6,45.1,3.1,5.1,4.0,7.1,3.1,7.0,4.1,5.1,3.1,3.1,3.1,3.1,6.2,3.0,5.1,3.0,4.0,2.0,5.1,2.0,3.1,4.0,6.2,3.0,5.1,2.0,2.0,3.0,2.0,5.1,4.0,2.0
1770631783.2698405,56.4,39.2,43.1,50.0,43.1,43.6,46.9,48.5,44.7,47.1,43.0,46.1,45.1,51.5,56.4,39.8,50.5,45.2,47.5,52.0,40.6,48.0,6.0,5.0,5.1,3.1,5.1,3.1,5.1,5.1,4.0,3.0,4.1,5.1,7.0,2.0,2.1,2.1,3.0,4.0,3.0,2.0,3.0,3.1,5.0,3.0,3.1,3.0,7.1,3.0,1.0,2.0,3.0,4.0
1770631784.2714593,47.5,46.5,48.0,48.5,52.5,44.0,48.0,49.0,52.0,44.6,51.0,44.1,44.0,50.5,48.0,49.0,44.7,45.1,52.5,47.0,44.7,49.5,5.1,4.0,5.0,3.1,3.0,3.1,4.1,3.0,11.1,4.0,4.1,1.0,4.0,2.1,4.0,4.0,3.0,3.1,2.0,5.1,5.0,5.2,7.2,5.0,3.1,5.1,4.1,3.0,2.0,5.1,3.1,1.0
1770631785.271529,53.4,49.0,49.5,47.1,49.5,52.0,50.0,52.0,56.9,48.0,52.5,62.4,48.0,50.5,52.4,48.5,53.9,45.5,46.1,41.2,47.1,48.0,4.0,4.1,5.2,4.0,4.1,4.1,2.0,3.1,3.0,3.1,3.0,4.1,2.1,3.1,2.1,6.1,1.0,6.0,3.0,8.0,3.0,3.1,5.0,4.0,3.0,3.1,4.1,3.0,2.0,4.0,2.0,4.0
1770631786.2716043,48.0,59.6,44.7,49.5,43.6,64.0,41.2,47.1,57.4,43.7,55.4,43.6,49.0,45.5,51.5,47.1,54.0,45.6,48.0,42.7,49.0,52.5,6.1,5.1,7.1,7.0,6.1,6.0,5.1,6.1,5.1,5.0,6.1,3.1,4.0,6.0,4.1,5.1,4.0,7.1,3.0,7.2,7.1,6.1,5.1,6.0,16.2,7.0,7.0,4.1,5.1,5.1,3.1,7.1
1770631787.272596,51.0,48.5,51.0,40.0,49.0,52.9,51.0,36.6,52.4,56.4,50.0,41.0,40.0,41.7,43.6,50.5,48.1,53.4,47.5,46.5,44.1,53.5,4.1,3.1,6.1,4.0,30.3,1.0,3.1,4.0,2.1,3.1,4.0,4.0,2.1,4.0,3.1,3.1,2.0,5.1,5.1,4.1,3.0,5.1,5.0,4.1,4.0,3.1,5.1,4.1,4.0,5.1,8.0,4.0
1770631788.2726698,44.6,49.5,49.0,53.5,52.0,48.0,41.4,39.6,41.2,39.2,42.6,41.2,52.5,46.5,46.1,45.0,43.0,45.6,46.5,39.0,43.1,51.0,6.1,6.1,6.2,6.1,16.2,11.0,22.4,4.1,6.9,6.1,17.2,13.3,6.9,5.1,17.8,6.1,5.2,4.1,4.1,7.1,5.1,6.2,8.1,4.1,9.0,4.0,6.1,5.2,7.1,7.1,11.2,4.0
1770631789.2727494,45.9,49.5,44.6,45.5,51.5,47.0,38.6,44.6,52.0,49.0,53.0,49.5,46.1,52.5,46.0,51.5,36.0,48.5,44.1,42.6,46.0,54.5,5.1,4.0,3.1,6.0,22.2,4.1,22.0,3.1,2.1,2.0,3.0,5.1,2.0,5.1,3.1,2.0,5.1,4.0,4.0,3.1,3.1,4.0,4.1,3.0,4.1,1.0,8.1,3.0,5.1,1.0,8.2,4.0
1770631790.2728305,51.5,52.5,44.4,48.5,53.5,54.5,52.5,49.5,52.5,46.0,58.4,48.0,47.5,57.4,46.1,49.0,48.5,48.5,50.0,46.1,53.9,55.0,3.1,4.1,7.1,2.1,5.1,4.0,36.0,3.0,5.1,4.0,5.1,3.1,4.0,3.1,3.1,2.0,3.0,1.0,4.0,2.0,3.1,3.1,4.1,3.1,3.1,3.0,5.1,2.0,3.1,1.0,2.1,3.0
1770631791.2728593,50.0,45.0,50.5,49.5,55.3,42.7,53.5,44.6,42.6,46.1,52.5,50.0,45.5,60.0,47.0,54.0,42.6,49.5,46.5,45.5,51.0,33.3,2.0,4.1,4.0,4.0,11.0,3.1,22.4,3.0,4.1,2.1,1.0,3.1,2.0,3.0,3.1,3.1,5.9,3.0,3.0,2.0,5.0,3.0,3.0,5.0,4.0,4.1,3.0,5.1,3.0,6.1,3.1,5.1
1770631792.272946,49.5,54.5,52.0,51.5,50.5,46.0,53.9,49.5,52.5,51.5,45.5,50.0,51.4,56.0,61.2,58.4,47.5,48.0,48.5,50.5,46.0,56.0,8.2,6.2,6.3,7.1,9.2,7.1,6.1,7.1,9.2,5.0,8.1,6.1,9.2,7.1,9.8,6.1,6.2,5.1,4.1,5.1,3.1,7.2,6.1,7.1,4.1,5.2,8.2,5.1,16.5,6.1,8.2,5.1
1770631793.2732627,47.5,49.5,50.5,51.0,45.5,46.0,45.5,50.0,46.6,44.6,47.5,52.4,49.5,49.5,45.0,51.5,48.0,45.5,52.0,47.1,41.2,46.1,6.0,7.1,6.1,5.2,4.1,5.1,10.2,8.2,5.0,6.1,4.0,4.1,4.1,5.1,2.1,6.0,3.1,4.1,4.0,4.0,5.0,3.0,4.1,4.0,5.1,5.9,4.1,4.0,6.2,2.0,9.1,5.1
1770631794.2733405,54.9,47.5,49.0,45.1,52.5,53.9,51.5,44.1,51.0,48.5,45.1,46.5,49.0,38.6,46.6,41.0,50.0,44.1,55.9,47.5,40.6,47.5,2.1,4.1,5.1,5.0,4.1,4.1,2.0,19.4,2.1,3.1,2.1,2.0,2.0,2.0,3.1,4.1,1.0,3.1,3.1,3.0,2.0,4.0,3.0,2.0,4.1,1.0,4.1,2.0,4.0,4.0,6.1,3.0
1770631795.2734087,51.0,50.5,49.0,47.5,43.1,48.0,50.0,47.0,52.0,51.0,52.4,49.0,47.1,53.4,46.5,54.5,56.4,42.6,52.5,48.0,48.0,52.9,5.1,2.1,5.1,3.1,5.1,5.0,4.1,11.1,6.1,4.0,4.0,3.1,3.1,4.1,3.0,4.0,2.0,4.1,4.0,2.0,2.0,3.1,3.0,2.0,5.0,3.0,1.0,3.1,2.0,4.1,5.1,4.1
1770631796.2736123,53.9,52.0,49.0,45.6,58.6,51.5,46.6,51.0,49.0,45.5,55.4,50.0,45.5,50.0,46.0,51.0,50.0,51.0,53.5,49.5,48.5,59.0,4.1,7.0,5.1,7.1,6.1,4.1,5.1,17.5,4.1,5.1,4.1,3.0,4.1,4.1,4.1,7.1,6.1,3.1,5.2,2.0,5.1,5.0,5.1,4.0,4.1,3.0,4.0,5.0,4.0,3.0,6.1,5.1
1770631797.273986,52.5,56.4,63.6,51.0,52.4,51.0,54.5,50.0,49.5,52.0,52.9,52.0,58.0,48.5,56.4,59.4,54.5,54.5,54.9,51.5,52.0,56.4,7.1,6.2,8.1,6.1,7.1,7.1,7.1,8.0,4.1,8.2,6.1,23.2,7.1,7.1,6.1,6.1,7.1,7.1,5.2,8.1,7.1,7.1,6.1,6.1,7.1,12.4,5.1,6.2,4.1,7.0,5.1,5.2
1770631798.2740672,52.0,52.9,48.5,52.5,47.0,50.5,45.6,51.0,50.0,53.5,55.4,54.9,45.5,46.5,48.5,63.1,50.0,43.6,50.0,52.0,55.3,47.5,7.1,38.0,5.2,5.1,4.1,6.1,4.1,5.2,4.1,3.1,5.2,5.1,5.2,4.1,5.1,6.1,4.1,7.1,4.0,4.1,4.1,7.1,4.1,6.1,5.1,8.1,5.1,7.1,5.1,7.1,4.0,5.1
1770631799.2745738,44.6,53.4,58.4,54.9,55.9,46.6,45.0,49.5,46.5,56.3,49.0,47.1,38.2,56.3,48.0,56.4,52.0,41.6,42.0,54.4,46.5,48.0,4.1,7.1,6.1,3.1,3.1,4.1,3.0,4.1,3.0,4.0,4.1,1.0,4.1,5.1,5.1,4.0,6.0,3.0,4.1,2.0,5.1,4.1,11.2,3.1,6.1,2.0,5.1,6.9,3.0,2.0,3.0,4.0
1770631800.2746475,48.5,57.4,51.5,53.5,53.5,51.0,52.5,50.5,50.0,54.0,56.4,47.5,52.9,51.5,54.5,52.9,49.5,52.9,47.5,54.5,40.0,51.0,3.1,5.0,4.1,22.7,3.1,3.1,3.1,4.1,2.1,2.1,3.1,3.0,5.1,3.0,4.0,4.0,4.2,3.1,5.0,4.0,3.1,7.1,2.0,3.1,2.1,5.1,5.1,3.1,4.0,5.0,2.0,4.0
1770631801.274723,50.0,47.1,48.5,46.5,43.6,50.5,50.0,43.6,50.5,37.6,47.0,49.0,45.5,53.9,48.0,52.0,55.9,47.1,39.0,43.0,51.0,54.0,4.0,4.1,7.1,37.0,6.1,5.9,7.1,3.0,5.1,4.0,5.1,3.0,3.1,3.0,3.1,2.0,4.0,2.0,2.0,4.1,2.0,5.1,4.0,2.0,3.0,4.0,3.1,3.0,3.0,3.1,5.0,3.0
1770631802.274815,50.0,44.6,62.1,49.5,45.1,47.5,44.6,50.5,47.1,44.7,44.0,45.1,49.0,47.5,46.0,53.0,38.6,57.8,38.2,49.0,49.0,45.1,3.1,4.1,8.1,17.2,7.1,2.1,4.1,27.3,6.1,3.0,4.1,4.0,7.1,1.0,6.1,2.0,6.0,5.0,3.1,4.0,5.1,1.0,3.1,3.0,3.1,3.1,5.0,2.0,3.0,2.0,3.0,4.1
1770631803.274895,39.0,45.1,46.5,49.0,49.5,32.0,40.2,38.8,53.5,46.1,44.7,47.1,40.6,35.3,46.5,40.2,35.0,42.0,45.0,43.1,50.0,44.6,5.0,5.1,3.0,4.1,4.0,3.1,4.0,31.0,3.1,2.1,5.1,2.0,4.1,3.0,1.0,4.0,4.1,3.1,5.0,3.1,4.1,4.0,5.1,5.0,4.0,5.0,3.0,3.1,3.0,4.0,3.0,4.0
1770631804.2752156,48.5,48.5,48.5,43.7,49.5,41.6,52.0,50.0,55.9,52.5,44.4,49.0,41.6,50.0,45.5,52.0,48.5,45.6,50.5,40.6,44.0,50.0,8.3,25.3,11.3,4.1,5.2,6.1,4.1,6.1,9.2,4.1,7.0,4.1,6.1,6.0,4.1,4.1,4.1,6.1,8.2,4.0,6.1,3.0,9.0,3.1,3.1,3.1,6.1,5.1,7.0,5.2,4.1,6.0
1770631805.2752967,41.2,50.0,46.1,40.0,46.0,42.6,49.5,46.5,57.0,44.0,54.4,65.7,41.0,49.0,50.0,51.0,48.5,56.9,41.6,60.4,51.9,53.4,12.1,4.1,33.3,4.0,6.1,1.0,5.0,1.0,4.1,3.1,3.1,3.1,6.0,3.1,4.0,2.0,5.0,2.0,2.1,3.0,2.1,4.0,3.1,4.0,4.0,3.0,3.1,2.0,4.1,2.0,4.1,5.2
1770631806.275367,51.0,36.6,45.5,42.0,47.6,51.5,52.0,53.0,49.5,50.0,43.0,57.0,51.5,47.1,44.7,49.0,59.2,45.5,53.5,44.1,46.0,52.0,27.3,3.0,15.2,7.1,5.0,4.1,2.1,3.1,5.2,4.0,5.1,2.0,4.0,5.1,3.1,5.0,4.1,3.1,6.9,2.0,5.1,2.0,4.1,4.0,4.1,3.0,6.1,4.0,3.0,6.1,5.1,3.0
1770631807.2754521,44.4,45.1,48.0,50.0,53.0,53.0,53.5,45.0,41.6,48.0,45.0,42.2,44.6,52.4,46.5,45.5,42.7,51.5,43.6,53.5,42.4,45.0,3.0,3.1,5.1,31.6,3.1,14.4,3.1,5.1,3.0,4.1,4.0,5.1,4.0,7.1,2.0,5.2,2.0,5.1,8.0,1.0,2.0,5.1,2.0,3.0,3.0,2.1,5.1,2.1,3.0,5.1,2.0,4.0
1770631808.2755353,42.6,45.5,51.5,45.0,46.0,43.7,38.6,43.1,53.0,41.0,48.0,40.0,46.1,46.0,47.0,43.6,46.5,45.1,36.0,56.9,46.1,47.0,4.1,22.0,4.1,3.0,3.1,17.0,5.1,4.0,5.1,4.0,4.0,2.0,4.0,3.1,3.0,3.1,3.0,5.9,2.0,4.0,5.0,3.0,3.0,4.1,4.0,5.1,5.1,3.0,5.1,4.1,5.0,3.1
1770631809.2756066,49.0,48.0,45.5,53.5,48.0,53.0,50.5,47.5,50.0,52.5,48.0,44.7,49.0,46.5,49.5,46.1,54.5,60.8,43.6,41.8,48.0,46.1,7.0,32.3,4.1,5.0,5.1,3.1,4.1,6.0,3.1,8.2,4.0,1.0,3.0,4.0,2.1,2.1,2.0,4.0,4.1,2.0,5.1,3.1,1.0,5.0,2.0,5.0,3.1,2.0,6.1,2.0,2.1,4.0
1770631810.2757342,51.5,46.1,49.5,48.5,52.5,57.4,48.0,54.4,50.5,49.5,52.5,52.9,51.5,51.0,54.0,50.5,51.0,55.0,51.5,48.5,50.5,57.4,5.2,6.2,5.1,8.2,7.0,11.1,4.1,6.2,5.1,5.2,6.1,4.1,6.1,3.1,7.1,3.1,6.2,4.1,7.1,3.1,4.0,6.1,4.0,6.1,5.1,6.1,4.0,5.1,4.0,5.1,4.1,6.0
1770631811.2758186,45.5,50.0,47.0,57.4,37.6,54.9,47.5,45.5,42.7,45.1,34.7,55.0,46.5,47.1,35.3,45.5,51.0,33.7,45.1,42.0,43.6,41.6,16.0,3.0,17.0,5.1,4.0,4.0,4.0,4.0,4.0,5.1,4.0,2.0,3.1,4.0,2.0,4.1,4.0,4.0,5.1,2.0,3.1,2.0,2.1,5.1,4.0,3.1,3.0,5.1,3.0,5.1,3.0,4.0
1770631812.2764866,55.0,43.7,51.5,42.2,46.6,44.6,49.0,43.4,53.5,52.0,43.6,48.5,48.0,47.5,50.5,39.6,44.6,43.6,47.5,43.6,49.5,48.5,7.1,4.0,4.0,5.9,3.1,3.1,4.0,3.1,4.0,5.9,2.1,4.0,4.0,5.1,3.0,6.0,1.0,4.0,4.0,3.0,2.0,3.0,3.0,4.1,2.0,6.0,2.0,4.1,2.0,3.1,12.0,3.1
1770631813.2770705,49.0,55.4,57.4,45.0,44.0,59.4,49.0,44.7,47.5,44.1,43.6,50.0,51.0,46.5,48.0,50.0,52.0,45.0,49.5,51.0,50.5,61.0,27.3,2.0,6.1,5.1,2.1,4.1,5.0,4.0,3.1,2.0,3.0,4.0,1.0,5.0,1.0,3.0,4.1,2.0,4.0,2.0,3.0,4.0,1.0,4.0,1.0,5.1,3.0,4.1,3.0,3.0,0.0,4.0
1770631814.2779787,44.4,55.4,53.0,55.4,50.5,48.5,57.4,47.5,51.5,47.5,57.4,53.4,50.5,51.5,48.5,57.0,49.0,48.0,48.5,47.0,51.5,45.6,16.0,4.0,13.4,5.0,4.0,4.0,3.1,4.0,5.0,4.0,2.0,2.0,3.0,3.1,2.0,2.1,5.1,1.0,4.1,3.0,3.0,2.0,3.0,2.0,3.0,3.1,1.0,4.1,3.0,3.0,3.0,5.9
1770631815.2783673,53.5,51.5,49.0,50.5,49.0,50.0,43.6,48.0,46.0,46.0,40.6,49.0,58.7,53.4,52.4,51.5,52.4,45.1,49.0,47.0,54.9,50.0,17.3,5.1,5.1,8.2,4.1,5.1,4.1,4.1,5.1,2.1,5.2,3.1,4.2,5.1,5.1,7.1,5.1,4.0,6.1,3.0,4.1,3.0,3.1,5.1,3.0,6.1,5.1,5.0,3.0,4.1,3.1,3.1
1770631816.2784352,48.0,54.5,42.0,49.0,44.0,45.0,45.5,45.5,44.6,47.1,45.5,56.4,52.5,52.0,41.0,47.1,48.5,45.0,48.0,52.0,55.0,41.6,8.2,18.6,4.1,5.1,4.0,5.0,6.1,6.1,4.1,4.1,5.1,6.0,4.0,3.0,25.3,2.0,2.0,3.0,4.0,3.1,4.0,3.1,3.0,2.0,2.0,1.0,2.0,3.0,3.0,6.1,5.0,4.1
1770631817.2785025,47.5,45.5,52.4,56.6,48.0,52.5,51.0,51.5,52.0,47.5,51.0,49.0,48.5,46.1,54.5,49.0,51.5,44.1,52.0,48.5,54.9,42.2,2.0,29.0,4.0,4.1,2.1,4.1,2.1,3.1,5.2,3.0,4.1,3.1,6.1,3.0,3.1,4.0,3.1,1.0,4.1,4.0,3.0,5.1,3.0,5.1,3.0,6.1,2.0,2.0,2.0,4.0,3.0,4.0
1770631818.2785685,48.5,51.0,61.4,48.0,43.0,56.9,59.2,45.1,52.0,52.9,57.0,47.5,44.7,48.0,45.6,46.5,45.5,49.5,52.0,50.0,50.5,47.5,5.0,8.0,2.0,21.2,5.1,3.0,5.1,5.0,4.0,4.0,2.1,3.1,3.1,2.0,2.0,2.1,1.0,4.0,5.0,3.0,6.1,2.0,3.1,3.1,2.0,4.0,4.0,4.0,3.1,4.1,4.0,3.1
1770631819.2786477,45.0,47.1,44.6,42.2,45.0,46.5,49.0,38.0,42.0,51.5,52.4,44.0,46.0,37.0,42.0,47.5,48.5,40.6,45.5,43.0,45.1,49.5,16.3,4.0,4.0,8.2,4.0,5.2,3.1,4.0,2.0,4.0,3.0,4.0,3.0,3.1,3.0,4.0,3.0,3.0,3.1,3.0,5.1,4.0,4.0,4.0,2.0,1.0,5.1,2.0,4.0,3.0,2.0,3.0
1770631820.2787178,47.1,50.0,51.0,43.1,47.1,48.5,46.1,47.5,47.1,44.1,48.0,47.0,53.9,44.0,51.0,52.5,51.0,57.8,46.5,40.6,45.5,52.0,17.2,3.1,2.0,6.0,4.0,7.9,5.1,4.0,2.1,3.1,2.1,3.1,5.1,3.0,2.0,5.1,4.1,2.0,6.1,4.0,3.0,3.1,3.0,3.1,7.1,3.0,5.1,2.0,5.1,1.0,6.1,1.0
1770631821.278798,50.5,43.1,41.0,51.0,54.4,45.1,49.0,48.0,50.5,55.9,56.9,39.6,49.0,49.0,44.0,46.5,44.0,48.5,44.4,44.6,48.5,49.5,5.1,24.7,5.1,10.3,4.1,4.2,7.0,4.1,3.1,3.1,5.1,7.1,6.1,4.1,4.1,3.1,3.0,4.1,4.1,5.1,6.0,6.1,7.1,6.1,3.0,7.1,5.1,5.1,3.1,3.0,5.1,6.1
1770631822.2793064,45.0,49.5,44.0,49.0,50.5,50.0,41.0,50.0,46.1,37.0,47.5,50.5,50.5,39.6,32.7,46.5,39.6,49.0,38.8,41.6,51.0,52.5,8.2,6.1,3.1,16.3,3.1,3.1,4.1,4.0,6.1,3.0,5.1,2.0,4.0,5.0,3.0,3.1,5.0,4.0,2.0,6.1,3.1,4.0,7.1,1.0,2.0,3.1,5.0,3.0,6.1,3.0,4.1,2.0
1770631823.2795436,45.5,58.3,51.5,46.6,49.0,47.6,43.6,54.9,50.5,47.0,44.1,46.5,53.5,50.5,43.0,52.4,47.5,43.6,53.9,46.0,53.0,51.5,11.1,14.0,6.0,4.0,3.1,4.1,4.1,3.0,3.1,2.0,3.0,4.0,3.0,2.1,4.0,4.0,3.1,3.1,4.0,4.1,2.0,7.1,1.0,5.1,3.0,5.1,4.1,6.1,2.0,4.1,2.0,5.1
1770631824.2796588,51.5,50.5,55.4,45.5,47.5,48.5,57.0,53.5,39.0,53.9,47.0,47.5,47.5,49.0,51.0,41.6,45.5,45.6,50.5,41.6,51.0,46.5,3.0,27.3,4.1,6.2,5.1,4.0,4.1,2.1,4.1,4.0,2.0,3.1,3.0,3.0,2.0,2.1,4.0,3.1,3.1,3.1,3.1,5.1,4.0,3.1,2.0,4.1,4.0,2.0,3.1,3.0,3.0,5.1
1770631825.279744,58.0,49.0,54.0,53.9,44.1,53.4,50.0,47.5,47.1,53.0,44.0,52.4,53.5,43.0,44.6,51.5,49.0,50.5,50.0,43.1,54.9,46.5,11.1,10.1,5.1,5.0,4.0,4.1,5.1,4.0,1.0,4.0,3.1,4.1,3.1,4.0,2.0,4.0,3.1,2.1,6.1,4.0,4.1,1.0,3.0,7.0,3.0,5.1,4.0,4.0,4.1,2.0,3.1,5.1
1770631826.2798245,48.5,49.5,49.5,45.6,66.3,46.1,53.9,51.0,47.1,41.6,46.1,42.7,44.7,47.6,50.0,47.6,54.0,42.2,47.0,48.5,43.0,46.1,15.3,5.1,17.2,8.2,4.1,3.1,3.0,4.1,4.0,3.1,6.0,3.0,4.0,5.1,2.0,3.1,3.0,6.1,4.0,2.0,4.0,3.1,3.0,3.1,4.0,3.0,4.0,3.0,5.1,0.0,4.0,2.0
1770631827.2798674,56.0,48.0,63.0,53.9,59.4,49.0,48.5,51.5,54.5,51.0,49.0,51.0,55.0,56.7,50.5,56.4,59.0,47.6,55.0,48.5,46.0,54.4,6.1,4.1,6.1,18.2,4.0,20.4,4.0,6.1,3.1,5.1,3.1,7.0,5.1,8.1,6.0,9.1,4.1,4.0,5.1,5.0,6.1,3.0,5.1,5.0,5.1,3.1,7.1,3.0,6.1,2.0,7.1,2.0
1770631828.2799652,44.6,41.6,54.5,52.5,45.5,55.4,59.8,42.6,44.6,44.6,43.7,51.0,51.5,44.6,49.5,35.6,47.6,54.0,50.0,45.2,45.1,53.9,11.1,2.1,5.1,3.1,2.1,24.2,2.0,10.1,3.0,3.1,4.0,2.1,1.0,2.1,3.1,2.0,4.0,3.0,1.0,4.1,5.1,4.1,3.1,3.1,2.0,5.1,2.0,5.1,5.1,3.0,4.1,3.1
1770631829.2802153,52.5,49.5,44.6,50.0,50.5,51.5,47.0,54.9,45.5,47.1,47.5,46.5,51.0,44.6,56.9,50.0,43.6,63.7,49.0,47.5,54.0,41.6,3.1,12.0,2.0,15.3,5.1,9.0,6.0,4.0,3.1,3.1,3.0,4.1,3.1,4.0,8.0,3.0,4.1,2.0,3.0,4.1,4.0,3.0,4.1,5.0,5.0,3.0,6.1,4.0,3.1,3.0,5.1,4.0
1770631830.2803073,53.0,46.0,48.5,46.5,51.0,51.0,42.0,49.5,44.2,54.0,48.5,43.0,53.0,52.9,42.2,57.3,49.5,54.5,49.5,50.0,52.0,49.0,4.0,22.4,4.0,10.1,4.0,3.1,5.1,1.0,6.1,4.0,6.1,4.0,5.1,3.0,4.1,1.0,5.1,2.0,6.1,2.0,3.1,3.0,6.0,3.0,2.1,3.0,2.0,3.1,8.0,1.0,6.1,1.0
1770631831.2803938,53.5,55.4,48.0,50.5,47.5,55.4,47.5,48.5,52.5,42.0,47.5,51.0,56.4,45.6,45.5,45.5,52.9,53.0,48.0,55.3,44.1,44.1,4.1,13.7,4.0,8.2,2.1,2.0,3.0,3.1,3.1,3.1,4.0,4.0,3.0,3.1,3.1,4.0,5.1,4.0,1.0,3.1,5.1,3.1,3.1,3.1,4.0,3.0,2.0,4.1,2.0,3.0,6.0,4.0
1770631832.2804627,49.5,43.1,46.5,41.7,49.5,40.0,42.6,39.0,47.0,45.6,44.1,37.6,39.0,47.5,45.5,42.6,39.2,47.1,44.1,45.5,54.9,46.5,31.0,2.1,3.1,11.2,3.1,3.1,3.1,4.0,2.0,3.1,5.1,3.0,2.0,4.0,3.1,3.1,2.0,2.0,5.0,5.0,3.1,3.1,3.1,4.0,2.0,3.0,2.0,2.0,4.0,3.0,2.0,4.1
1770631833.2805607,57.6,48.5,49.5,46.0,47.5,50.0,48.5,41.6,53.5,43.0,50.0,48.0,42.2,45.5,44.7,52.0,44.1,51.0,49.0,54.4,52.5,40.6,33.3,6.1,12.4,4.1,7.1,3.1,4.1,4.1,5.1,6.1,5.2,4.1,5.1,4.0,3.1,3.0,4.0,4.1,3.1,5.1,4.1,4.0,5.1,2.1,5.1,11.3,6.1,4.1,3.1,4.1,3.0,9.1
1770631834.2806358,53.5,51.0,55.0,53.5,55.3,50.5,52.5,52.0,48.0,57.7,49.5,51.5,52.5,49.5,50.5,51.5,52.0,49.5,47.5,47.5,50.5,46.1,12.4,5.2,11.1,8.1,3.1,9.0,6.1,7.1,5.1,10.1,9.0,6.2,5.1,10.3,10.2,7.1,5.1,7.9,7.1,6.2,7.0,16.5,18.2,7.1,11.1,6.1,7.1,6.1,7.1,5.1,6.2,8.2
1770631835.2827234,55.6,52.4,55.9,53.5,52.5,51.0,58.4,56.4,48.5,48.5,51.5,52.4,52.9,52.4,52.9,60.8,56.0,54.4,54.9,54.5,55.4,49.0,8.2,22.2,8.2,7.1,7.1,7.1,5.1,5.1,7.1,5.1,5.2,6.0,5.1,8.0,5.1,7.0,4.1,7.1,5.1,6.1,6.0,4.1,6.1,5.1,6.2,6.9,6.1,4.1,5.0,5.2,6.1,4.0
1770631836.2827992,53.5,53.5,53.5,53.0,57.4,52.5,50.0,52.5,52.5,56.4,55.4,50.5,51.0,47.1,50.0,52.9,53.9,44.4,58.0,48.5,45.5,55.4,6.0,29.3,5.2,7.2,7.1,4.1,6.1,6.1,4.1,7.1,5.1,7.2,4.1,5.1,5.2,5.1,4.0,4.2,3.1,6.1,6.1,5.1,5.0,5.1,3.0,7.1,3.0,5.1,5.1,6.0,5.1,3.1
1770631837.2828562,52.0,51.5,41.6,39.2,48.5,49.5,51.5,54.5,48.0,51.0,39.2,46.1,52.4,42.6,49.5,47.0,49.5,39.2,47.5,42.7,53.5,41.0,23.7,5.1,4.1,10.1,3.1,8.1,4.1,4.0,4.0,3.1,3.1,4.0,5.0,3.1,3.1,3.1,3.0,3.0,3.0,1.0,3.1,6.1,2.1,5.1,3.0,2.0,2.0,5.0,7.1,2.0,4.0,2.0
1770631838.2829235,47.5,46.6,51.0,41.2,47.5,51.5,58.0,50.5,51.0,48.5,51.5,51.5,43.0,47.5,50.5,53.4,41.2,42.2,36.3,44.4,47.5,54.5,4.0,12.1,5.1,5.1,4.1,23.5,4.0,4.1,3.1,5.1,5.0,4.1,3.1,4.1,6.1,4.0,4.1,4.0,6.1,2.0,3.1,3.0,6.1,5.1,5.1,5.0,7.1,2.0,4.0,4.1,4.1,3.0
1770631839.2830038,51.5,48.5,55.4,52.9,57.7,50.5,52.4,56.0,51.5,48.0,55.9,59.8,55.9,41.6,47.0,52.4,56.9,45.0,48.5,51.0,53.0,57.8,6.2,21.4,7.2,13.3,6.2,7.1,8.2,6.1,9.9,6.1,7.1,6.1,6.1,7.1,7.0,7.0,6.1,4.1,4.1,5.1,4.1,5.1,5.2,5.1,5.1,5.0,6.1,4.0,7.1,6.0,5.1,5.1
1770631840.2830725,51.0,43.6,50.0,46.0,53.0,51.5,50.0,50.0,49.5,46.1,57.8,43.6,49.0,50.0,50.5,54.0,55.4,53.5,46.0,49.0,49.0,46.5,5.1,3.1,5.1,4.0,5.0,1.0,3.1,5.1,3.1,4.0,4.1,2.0,2.1,3.1,6.1,4.0,3.0,2.0,4.1,4.1,4.0,3.0,3.0,2.0,3.1,4.0,2.0,4.0,3.1,4.0,5.1,2.0
1770631841.2833302,41.6,43.0,47.0,42.0,52.9,47.5,46.0,52.5,42.6,47.1,47.5,48.0,49.0,43.6,49.0,53.5,52.9,46.6,38.0,51.5,49.0,47.5,11.2,4.1,7.0,11.1,4.0,3.1,2.1,4.1,5.1,4.1,4.0,3.0,3.0,3.0,3.1,3.1,3.1,4.0,4.0,5.0,2.0,5.1,2.0,4.0,3.0,4.1,5.0,5.1,3.0,4.0,3.1,3.0
1770631842.2834074,50.5,45.0,51.5,55.9,49.5,44.6,49.5,48.5,49.0,48.5,46.0,49.5,51.0,41.6,47.5,50.0,50.0,57.0,45.5,45.0,56.4,46.0,19.2,6.1,3.1,19.4,4.1,4.0,5.0,5.0,3.1,4.1,3.1,3.1,6.0,4.0,5.0,4.1,4.0,3.1,4.0,2.0,3.0,4.0,4.0,2.0,4.1,2.0,2.0,4.0,2.1,5.1,2.1,7.1
1770631843.2834818,47.5,53.5,48.0,56.0,51.5,52.5,42.6,52.0,49.5,55.0,53.5,46.5,57.4,47.5,46.1,47.5,58.4,53.0,53.9,58.4,55.0,49.0,4.0,7.1,2.0,28.0,4.1,12.1,4.1,4.1,4.0,5.1,4.1,3.1,4.0,4.0,3.1,2.0,4.0,2.0,3.1,2.1,3.0,5.1,1.0,5.0,3.1,2.0,3.0,4.1,4.0,1.0,2.1,2.0
1770631844.2835574,51.5,47.0,51.5,46.0,49.5,56.3,52.0,48.5,56.0,46.1,43.1,50.0,51.5,55.0,56.4,52.5,54.5,51.5,59.2,52.9,52.9,50.0,4.1,4.1,4.0,30.6,4.0,12.2,3.1,5.0,4.1,4.0,3.1,3.1,4.1,2.1,5.1,2.0,4.1,1.0,5.1,4.0,2.0,2.0,6.1,2.1,5.1,3.1,4.1,2.0,2.1,2.0,2.1,4.0
1770631845.2836344,50.0,52.5,54.0,57.0,51.5,53.0,56.4,53.0,59.0,50.0,53.5,48.5,53.4,54.4,51.5,42.6,50.5,51.0,46.0,55.0,50.0,52.9,8.2,6.1,4.2,17.2,6.2,4.1,8.1,5.1,6.1,7.1,5.2,4.1,6.1,4.1,6.1,4.1,5.1,7.0,7.1,4.0,5.2,5.1,6.0,4.0,4.1,4.0,3.1,5.1,8.0,5.1,4.1,4.0
1770631846.2837138,43.4,46.0,42.6,48.0,52.0,45.1,48.5,45.1,47.0,45.5,43.7,43.7,44.1,49.5,39.0,47.1,41.6,44.0,52.0,42.7,42.6,36.6,9.1,21.4,4.1,4.0,5.1,3.1,5.1,4.1,3.1,3.0,4.0,4.0,3.1,2.0,3.1,5.0,3.0,5.1,2.0,3.1,1.0,3.0,4.0,2.0,4.1,2.0,2.1,2.0,6.1,3.0,2.0,5.1
1770631847.283784,48.0,52.0,48.5,46.1,59.4,52.0,50.0,40.4,39.2,45.5,46.5,44.7,48.5,49.0,50.5,45.5,54.9,46.5,47.5,45.5,53.5,41.7,38.4,4.0,4.1,3.1,3.1,4.1,3.1,4.1,4.1,5.1,5.1,5.1,4.0,4.1,3.0,4.0,4.1,6.0,3.0,4.1,4.0,4.1,5.1,3.1,4.0,3.0,4.0,4.0,5.1,5.0,2.0,4.1
1770631848.2840474,45.0,51.0,42.6,40.4,61.8,45.1,51.5,49.5,41.0,45.1,48.5,55.9,51.5,45.9,54.5,49.0,51.5,41.6,48.0,47.6,49.5,53.0,15.3,18.2,4.0,7.0,3.1,3.1,4.0,5.1,2.0,2.1,4.0,2.0,3.1,2.0,4.1,1.0,4.0,2.1,3.1,3.1,4.0,4.1,3.0,3.0,2.0,5.1,5.1,1.0,4.0,3.0,3.0,3.0
1770631849.2841125,47.0,51.5,44.0,43.7,55.0,46.0,47.0,52.9,48.5,45.1,45.5,46.5,44.1,52.9,49.0,41.7,43.7,49.5,51.0,44.1,39.2,43.1,4.0,22.2,13.3,2.1,3.1,3.0,2.0,4.1,3.1,6.0,4.1,4.1,4.0,3.0,6.1,3.0,4.0,4.0,4.1,3.0,5.1,2.0,3.1,2.0,2.0,3.0,3.0,2.0,4.0,2.0,3.0,6.0
1770631850.284208,45.5,45.6,54.5,48.0,54.5,52.9,49.0,48.0,52.0,44.0,41.7,48.5,41.6,43.1,47.1,45.9,45.1,50.5,47.1,43.1,45.5,52.0,5.1,32.0,9.2,3.1,1.0,4.1,1.0,4.0,1.0,3.1,2.0,3.1,4.0,5.0,3.0,1.0,3.1,5.1,3.1,3.1,4.0,2.1,3.0,6.1,4.1,3.0,2.0,3.0,4.0,3.0,2.0,4.1
1770631851.2843034,50.0,50.0,56.9,45.5,52.0,49.0,51.0,54.4,50.5,46.5,55.9,50.5,48.5,47.5,47.5,57.8,50.0,51.5,55.4,50.5,48.5,45.1,5.1,8.2,13.3,10.0,12.0,5.1,8.1,7.1,6.1,7.1,7.1,7.1,4.1,5.1,7.1,5.0,7.1,5.1,5.1,6.1,5.2,3.0,7.1,5.1,6.1,3.1,12.2,6.1,14.4,3.1,8.1,4.1
1770631852.2843733,46.0,54.9,52.5,49.5,39.8,55.4,49.5,55.4,48.5,46.5,45.5,47.0,49.5,47.1,47.6,46.0,49.0,53.9,52.5,41.0,47.1,46.1,3.1,9.4,3.0,28.3,3.1,2.1,5.1,2.0,4.1,4.0,5.1,3.0,4.0,5.0,3.1,3.0,5.1,2.0,4.0,3.1,6.1,3.0,4.1,3.0,5.1,3.0,6.1,4.0,4.0,3.0,4.0,2.0
1770631853.284446,45.1,57.8,48.5,48.0,47.0,53.5,57.4,57.3,49.0,47.1,54.5,42.7,42.6,45.1,42.4,43.0,43.6,49.5,52.0,55.3,46.6,56.4,4.1,11.0,3.1,18.2,3.1,5.0,4.0,5.1,3.0,4.1,6.1,3.0,4.2,2.1,3.1,5.1,6.1,2.1,4.0,2.0,4.0,3.1,6.1,2.0,3.0,3.1,2.1,5.0,3.1,1.0,4.1,2.0
1770631854.2845147,42.6,48.5,47.1,48.5,45.0,35.3,46.5,47.0,49.5,50.5,58.3,50.0,39.2,41.0,42.7,52.4,45.1,48.0,47.1,47.5,50.0,55.9,4.0,41.0,5.1,5.1,4.1,3.1,2.1,3.1,2.1,3.1,3.1,2.0,4.0,4.0,3.0,3.0,4.1,3.0,5.1,1.0,1.0,4.0,5.2,3.0,5.1,4.0,2.0,2.1,3.1,1.0,5.1,1.0
1770631855.2848458,46.5,47.0,39.4,50.5,48.5,49.0,40.6,49.5,52.4,43.1,47.1,41.6,45.6,44.7,43.0,48.5,37.4,46.5,39.8,44.0,39.4,48.0,24.7,4.1,4.1,4.1,5.0,4.0,5.1,5.0,5.0,4.0,4.0,4.0,4.0,4.0,2.0,4.0,4.0,1.0,3.0,3.0,6.1,3.0,7.0,2.0,5.2,1.0,6.1,3.0,5.1,2.0,4.1,1.0
1770631856.2849417,43.9,44.1,41.6,49.5,45.0,46.0,46.6,43.1,41.0,45.1,55.4,43.7,43.0,46.5,43.1,45.5,48.0,45.5,42.6,45.1,41.6,40.2,17.8,18.0,3.1,4.1,3.1,5.2,5.1,3.1,3.1,5.1,2.1,3.1,2.0,6.1,2.0,1.0,3.0,3.0,3.0,2.0,2.0,2.0,4.1,3.0,3.1,4.0,2.0,2.0,4.0,2.0,2.0,2.0
1770631857.2850118,47.5,43.1,52.5,51.0,44.6,42.2,50.0,49.0,45.0,47.0,43.1,44.9,51.0,43.7,45.0,45.6,46.1,56.3,46.0,54.0,50.0,49.0,9.4,39.0,6.1,5.1,6.1,6.1,5.2,6.1,5.1,6.2,5.1,22.2,5.2,5.1,5.2,4.1,7.1,3.1,5.9,3.0,5.0,5.0,4.1,2.0,4.0,5.0,4.0,4.1,6.1,4.0,7.1,3.1
1770631858.2850885,47.0,52.9,46.5,52.5,62.7,47.5,45.5,45.1,50.0,45.0,49.0,48.1,45.0,41.0,50.5,37.4,47.5,44.4,45.5,51.0,46.5,43.0,9.0,14.3,2.0,15.2,2.1,6.1,6.0,3.1,7.1,3.1,5.1,3.0,5.1,4.0,3.0,5.0,3.0,4.0,3.0,6.0,2.1,4.1,3.0,4.1,2.1,2.0,4.1,3.0,2.1,3.0,6.1,4.0
1770631859.2868922,41.4,44.0,50.0,44.0,47.6,46.5,48.0,45.5,50.5,43.6,38.2,47.5,37.0,51.0,38.6,53.5,45.2,47.5,53.0,46.5,44.0,40.2,5.0,2.1,3.0,26.5,5.0,16.0,1.0,4.1,2.0,4.0,4.0,3.1,3.1,2.0,1.0,3.1,3.1,3.1,3.0,4.1,5.1,3.0,6.9,3.0,4.0,3.1,5.0,3.0,4.1,3.0,2.0,5.0
1770631860.2869759,49.0,45.1,49.5,51.0,42.6,53.9,41.0,48.5,47.5,54.4,43.0,47.5,51.0,50.5,53.4,47.1,50.5,43.7,44.6,41.7,54.8,46.5,2.1,5.1,2.0,38.4,3.1,3.1,4.0,5.1,5.1,4.0,5.1,2.0,11.1,1.0,6.0,1.0,4.0,3.0,5.1,3.0,4.0,3.0,4.0,3.0,4.0,2.0,1.0,2.0,3.1,2.0,5.0,3.0
1770631861.2879946,46.0,44.6,38.6,51.5,51.0,46.2,48.5,49.0,44.0,48.5,47.5,49.0,43.6,52.4,42.2,50.0,45.0,46.5,45.2,54.9,49.0,46.1,3.0,17.2,4.0,33.7,3.1,3.1,6.0,6.0,4.1,5.1,5.1,1.0,6.1,2.0,3.2,2.0,4.1,2.1,5.1,3.0,3.1,3.0,2.1,3.0,2.0,2.0,5.0,2.0,5.0,4.1,2.0,3.0
1770631862.2880766,46.5,47.5,48.5,49.5,45.5,50.5,45.1,45.0,40.2,46.5,44.7,51.5,39.4,44.6,36.3,41.3,45.2,51.9,46.1,50.5,43.0,36.9,4.0,20.0,4.0,16.5,3.1,4.1,3.1,4.1,5.0,4.0,3.1,6.0,4.0,4.0,2.0,4.1,4.0,4.1,3.0,3.0,3.0,3.1,3.0,3.0,3.0,3.1,5.2,1.0,3.1,5.1,4.0,3.1
1770631863.2881498,47.5,53.5,48.5,52.0,47.0,50.5,52.0,50.5,54.9,49.5,50.5,54.0,50.0,46.5,53.9,45.5,47.0,52.0,52.0,50.5,44.6,61.0,4.1,28.1,4.1,6.1,4.0,5.2,5.1,5.9,4.1,3.1,5.1,6.0,5.1,5.1,3.0,4.1,4.0,5.0,6.1,3.0,7.0,4.0,5.1,2.0,4.0,5.1,8.0,3.0,4.0,4.1,5.1,3.0
1770631864.2882202,52.5,50.0,58.8,61.8,47.0,54.9,52.0,43.6,47.1,48.0,52.5,46.5,53.0,52.4,51.5,50.0,49.5,52.9,48.5,49.5,54.0,50.0,6.2,15.0,4.2,6.1,5.1,6.1,7.1,5.1,7.1,6.0,4.0,3.1,5.1,2.0,3.0,6.1,4.0,3.1,3.1,6.1,3.0,5.1,6.1,3.1,4.0,4.1,4.0,4.1,3.0,7.1,5.1,4.0
1770631865.2882907,42.0,56.4,56.4,48.5,53.9,51.0,51.0,44.7,56.0,49.5,45.0,50.0,50.0,47.0,49.0,46.6,43.7,52.0,39.6,47.6,44.6,53.0,5.0,20.8,6.0,2.0,4.1,19.0,5.1,3.1,4.1,3.1,5.1,3.1,4.1,3.0,4.1,2.0,4.0,2.0,3.9,2.1,1.0,6.1,4.0,4.1,3.1,4.0,1.0,3.0,6.1,2.0,3.0,3.1
1770631866.2883606,42.4,52.5,49.5,43.0,62.4,57.8,44.0,54.0,52.0,44.4,50.0,47.5,46.1,58.3,54.5,47.0,43.6,43.6,44.1,51.0,51.5,49.0,7.0,2.1,3.1,4.1,3.1,33.3,3.1,4.0,5.1,3.0,4.0,3.1,3.1,2.0,3.0,3.1,3.0,3.0,2.0,3.0,1.0,4.0,3.0,4.0,2.0,4.1,3.0,5.1,2.0,6.1,2.0,7.1
1770631867.288433,50.5,51.0,51.5,44.7,49.0,53.0,48.5,52.5,55.3,52.4,54.5,47.1,43.6,46.5,58.7,46.6,48.5,46.5,50.5,56.0,45.6,49.5,5.1,17.2,4.1,3.1,2.1,21.2,5.1,10.1,4.1,3.0,4.1,2.1,4.1,3.0,3.1,3.0,2.0,3.1,2.0,4.1,3.0,6.1,3.0,5.0,2.0,2.1,4.1,3.1,4.0,6.2,3.0,7.0
1770631868.2885218,49.5,58.0,48.0,52.5,53.5,50.5,49.0,50.0,46.5,51.5,50.0,52.0,45.0,48.0,57.4,48.5,52.5,49.0,48.0,50.5,55.0,40.6,3.1,3.1,5.1,3.1,4.0,9.2,26.3,4.1,10.2,4.1,5.1,5.9,3.1,3.1,4.0,2.1,3.1,2.0,1.0,3.1,2.0,3.0,3.1,1.0,4.0,2.0,2.0,3.1,2.1,7.0,2.1,3.1
1770631869.2886217,25.3,24.8,27.2,34.3,24.0,29.4,22.8,21.6,21.6,24.5,26.2,24.3,17.6,36.9,18.0,27.5,22.8,28.0,24.5,25.0,37.3,19.6,2.0,0.0,2.0,2.0,2.0,1.0,3.0,9.9,3.0,2.0,1.0,2.0,1.0,2.0,1.0,1.0,1.0,2.0,2.0,2.0,1.0,2.0,2.0,2.0,3.0,2.0,1.0,2.0,1.0,2.0,3.0,1.0
1770631870.288721,30.6,22.8,18.0,25.0,17.5,23.8,13.0,15.0,17.8,21.6,36.6,19.2,29.4,25.0,15.0,35.6,9.9,14.7,31.0,19.6,23.5,15.0,2.0,3.0,1.0,1.0,1.0,4.0,1.0,2.0,3.0,2.0,1.0,2.0,3.0,1.0,1.0,1.0,1.0,1.0,1.0,0.0,2.0,1.0,2.0,0.0,0.0,0.0,1.0,2.0,2.0,0.0,1.0,1.0
1770631871.2888064,43.6,28.7,13.7,6.9,9.9,20.6,23.5,17.8,7.9,12.9,15.8,13.9,5.1,14.7,7.0,30.0,5.9,26.5,10.9,29.4,23.0,8.9,1.0,0.0,0.0,2.0,0.0,0.0,0.0,0.0,0.0,0.0,0.0,0.0,0.0,0.0,0.0,1.0,0.0,0.0,0.0,1.0,0.0,0.0,0.0,1.0,1.0,0.0,2.0,0.0,0.0,1.0,0.0,0.0
1770631872.2888806,44.0,26.5,11.9,5.0,4.0,15.7,29.4,19.4,8.8,9.9,5.0,11.8,4.0,4.0,5.9,25.5,5.9,29.4,7.9,29.1,16.0,9.9,0.0,1.0,0.0,0.0,0.0,0.0,0.0,0.0,0.0,1.0,0.0,0.0,0.0,0.0,0.0,0.0,0.0,0.0,0.0,0.0,0.0,0.0,0.0,0.0,0.0,0.0,0.0,0.0,0.0,0.0,0.0,0.0
1770631873.2889562,44.6,25.0,11.9,6.9,4.0,4.0,33.3,29.7,5.9,8.8,5.0,11.0,3.0,4.0,5.0,22.8,5.9,29.7,8.7,27.7,22.0,4.0,0.0,0.0,0.0,0.0,0.0,0.0,0.0,0.0,0.0,0.0,0.0,0.0,0.0,0.0,0.0,1.0,0.0,1.0,0.0,0.0,0.0,0.0,0.0,0.0,0.0,0.0,0.0,0.0,0.0,0.0,0.0,0.0
1770631874.2890303,44.6,25.5,12.7,4.0,5.9,6.9,41.7,9.8,5.9,9.9,6.0,11.8,10.8,5.0,7.8,6.9,7.9,12.6,7.9,45.1,28.0,6.9,0.0,0.0,0.0,0.0,0.0,0.0,0.0,0.0,0.0,0.0,0.0,0.0,0.0,1.0,0.0,0.0,1.0,0.0,0.0,0.0,0.0,0.0,0.0,0.0,0.0,0.0,0.0,0.0,0.0,0.0,0.0,0.0
1770631875.2891269,45.5,27.7,13.7,5.9,6.9,7.0,14.0,6.0,7.8,5.9,8.8,14.9,22.5,12.9,6.9,8.9,6.9,5.9,9.8,41.2,29.4,6.0,3.0,1.0,0.0,0.0,3.0,2.0,1.0,1.0,3.0,1.0,1.0,2.0,3.0,2.0,1.0,1.0,2.0,2.0,1.0,1.0,1.0,1.0,1.0,1.0,0.0,0.0,2.0,2.0,1.0,1.0,1.0,1.0
1770631876.2892082,45.5,21.8,12.9,7.0,5.0,5.9,8.8,6.9,5.9,6.9,6.0,10.9,6.0,25.7,6.0,7.8,6.0,8.0,8.9,25.7,29.0,5.9,0.0,1.0,1.0,0.0,1.0,0.0,0.0,1.0,0.0,0.0,0.0,0.0,1.0,0.0,0.0,0.0,0.0,1.0,0.0,0.0,0.0,0.0,0.0,0.0,0.0,0.0,0.0,0.0,1.0,0.0,0.0,0.0
1770631877.2892973,45.5,6.9,7.0,5.0,5.9,5.0,5.0,6.9,5.9,7.8,5.9,6.9,5.0,25.5,5.0,5.9,5.9,5.9,16.7,17.8,12.9,6.9,0.0,0.0,0.0,0.0,0.0,1.0,0.0,0.0,1.0,0.0,0.0,0.0,0.0,0.0,0.0,1.0,0.0,0.0,1.0,0.0,0.0,0.0,1.0,0.0,0.0,1.0,0.0,0.0,0.0,1.0,1.0,0.0
1770631878.2893543,40.8,7.9,6.9,6.9,7.9,7.0,5.9,5.9,6.0,6.9,6.9,6.0,5.9,5.1,5.9,6.9,7.8,8.8,27.5,7.9,6.9,5.0,1.0,0.0,0.0,1.0,0.0,0.0,0.0,0.0,0.0,0.0,0.0,0.0,0.0,0.0,0.0,1.0,0.0,0.0,0.0,0.0,0.0,0.0,0.0,0.0,0.0,0.0,0.0,0.0,0.0,0.0,0.0,0.0
1770631879.289429,25.7,5.0,5.0,4.0,4.0,4.0,3.0,4.0,3.0,3.0,5.0,5.0,5.0,6.9,4.0,4.0,4.0,4.0,10.0,5.0,5.9,4.0,0.0,0.0,0.0,1.0,0.0,0.0,0.0,0.0,0.0,0.0,0.0,0.0,0.0,0.0,0.0,0.0,0.0,0.0,0.0,0.0,0.0,1.0,0.0,0.0,0.0,0.0,0.0,0.0,0.0,0.0,0.0,0.0
1770631880.2895055,4.0,2.0,2.9,3.0,4.0,3.0,3.0,5.0,4.0,3.9,3.0,3.0,3.0,2.9,3.0,2.0,3.0,4.9,3.0,3.0,3.0,3.9,1.0,0.0,0.0,0.0,1.0,0.0,0.0,1.0,0.0,7.0,0.0,1.0,0.0,1.0,0.0,0.0,0.0,1.0,0.0,0.0,0.0,0.0,0.0,0.0,0.0,0.0,0.0,0.0,0.0,0.0,0.0,0.0
1770631881.289599,3.1,3.0,1.0,2.0,2.0,1.0,2.0,2.0,1.0,2.0,2.0,2.0,2.0,2.0,2.0,3.0,2.0,1.0,2.0,2.0,2.0,3.0,1.0,2.0,3.0,1.0,4.0,2.0,2.0,1.0,2.0,2.0,1.0,3.0,2.0,1.0,3.0,2.0,1.0,2.0,2.0,0.0,2.0,1.0,1.0,1.0,2.0,1.0,0.0,2.0,1.0,1.0,2.0,2.0
1770631882.2896755,1.0,1.0,1.0,1.0,0.0,2.0,1.0,1.0,1.0,1.0,2.0,1.0,1.0,1.0,1.0,1.0,0.0,1.0,1.0,1.0,1.0,0.0,0.0,0.0,0.0,0.0,0.0,0.0,0.0,0.0,0.0,0.0,0.0,0.0,0.0,1.0,0.0,1.0,0.0,0.0,0.0,0.0,0.0,0.0,0.0,0.0,0.0,0.0,0.0,0.0,0.0,0.0,0.0,0.0
1770631883.2897477,1.0,0.0,1.0,1.0,2.0,2.0,1.0,1.0,1.0,1.0,1.0,1.0,2.0,1.0,0.0,1.0,1.0,1.0,0.0,1.0,1.0,1.0,0.0,0.0,0.0,0.0,0.0,0.0,0.0,0.0,0.0,0.0,0.0,0.0,0.0,0.0,0.0,2.0,2.0,0.0,0.0,2.0,0.0,0.0,0.0,0.0,0.0,0.0,1.0,0.0,1.0,0.0,0.0,0.0
1770631884.2898276,0.0,0.0,0.0,0.0,0.0,0.0,0.0,1.0,0.0,0.0,1.0,0.0,0.0,0.0,1.0,1.0,0.0,0.0,1.0,0.0,0.0,1.0,2.0,0.0,0.0,1.0,0.0,2.0,1.0,1.0,0.0,7.0,1.0,0.0,1.0,0.0,0.0,0.0,0.0,0.0,0.0,0.0,0.0,0.0,0.0,0.0,1.0,0.0,0.0,0.0,0.0,0.0,0.0,0.0
