timestamp,CPU_0(group_0),CPU_64(group_0),CPU_2(group_0),CPU_66(group_0),CPU_4(group_1),CPU_68(group_1),CPU_6(group_1),CPU_70(group_1),CPU_8(group_2),CPU_72(group_2),CPU_10(group_2),CPU_74(group_2),CPU_12(group_3),CPU_76(group_3),CPU_14(group_3),CPU_78(group_3),CPU_16(group_4),CPU_80(group_4),CPU_18(group_4),CPU_82(group_4),CPU_20(group_5),CPU_84(group_5),CPU_22(group_5),CPU_86(group_5)
1770631973.3144038,3.6,2.3,2.1,1.9,2.5,2.3,2.5,2.6,2.5,2.2,2.4,2.4,2.0,1.8,2.7,2.5,2.5,1.9,3.6,2.2,2.3,1.9,1.8,1.8
1770631974.3144724,59.2,52.9,51.0,51.0,57.6,47.5,54.5,50.0,51.5,53.9,52.4,48.5,46.0,58.4,51.0,47.1,50.0,52.9,49.0,44.4,48.0,49.0,11.2,22.2
1770631975.3148923,68.6,61.0,64.7,67.0,61.4,57.0,59.4,62.7,61.4,63.6,62.4,64.0,61.8,61.0,56.4,63.0,63.0,61.4,56.4,62.7,62.0,62.4,7.2,22.2
1770631976.314961,64.0,63.4,69.7,60.6,59.6,64.7,65.3,69.0,63.6,63.4,63.0,62.7,62.4,68.3,68.6,69.0,59.6,67.7,64.6,67.7,66.7,67.0,23.5,12.6
1770631977.3150349,57.8,54.9,61.0,56.4,58.4,59.6,56.0,59.6,60.2,61.4,62.0,59.4,57.6,57.0,55.9,53.5,61.2,59.8,58.4,61.8,55.0,56.9,12.4,10.1
1770631978.3151472,56.0,52.5,51.0,52.5,60.4,48.0,51.0,53.5,48.0,53.0,44.6,57.4,50.0,60.4,52.5,57.4,53.0,57.0,50.5,69.3,56.9,51.5,12.1,21.4
1770631979.3152218,60.0,61.8,57.6,61.0,62.4,61.0,61.4,62.6,58.4,60.0,66.7,57.0,59.0,61.4,60.0,58.0,63.7,66.0,64.0,64.4,61.8,65.3,22.2,17.3
1770631980.3160095,64.0,61.4,62.7,62.7,67.0,60.4,54.5,64.0,60.4,65.7,63.0,69.3,59.2,62.0,66.0,63.1,60.0,64.7,60.4,61.8,62.0,59.8,15.3,15.6
1770631981.3160949,62.4,63.7,56.6,65.3,65.0,64.7,66.7,63.7,59.4,60.8,59.8,63.4,64.0,66.7,64.4,61.2,64.4,55.4,58.4,60.4,60.4,60.2,22.4,12.1
1770631982.3163552,56.0,56.9,54.5,58.4,54.5,51.5,48.0,53.4,53.9,50.5,56.4,52.0,58.8,65.3,59.0,49.5,53.5,57.0,47.5,48.5,62.7,55.4,6.1,27.6
1770631983.316605,62.0,52.0,57.4,52.9,57.0,57.8,49.0,50.5,59.4,52.4,55.4,59.4,57.3,63.7,69.0,59.4,57.8,64.4,51.5,54.0,56.9,55.9,8.2,14.1
1770631984.3171873,60.4,47.5,57.8,56.9,49.0,53.5,53.5,51.0,60.0,54.0,48.5,56.9,46.0,61.2,55.4,54.8,56.4,57.8,51.0,62.0,52.5,51.5,16.2,7.2
1770631985.3186123,57.4,59.8,55.6,55.0,55.4,56.4,52.9,54.5,52.0,57.8,54.9,54.0,57.0,59.0,51.5,53.5,56.9,55.0,60.4,53.0,57.0,51.0,13.1,10.3
1770631986.3186843,54.0,47.6,51.5,45.0,51.0,55.4,52.5,49.5,50.0,48.0,57.4,58.3,54.4,58.4,50.0,52.0,52.5,46.6,60.4,56.9,51.5,50.0,35.4,6.1
1770631987.318781,45.5,45.1,44.1,58.3,46.2,47.5,43.6,48.5,52.9,40.0,40.6,46.5,48.0,44.1,46.5,42.2,50.0,59.0,47.1,52.4,51.5,46.0,15.2,5.1
1770631988.318866,50.0,46.5,51.5,48.5,38.0,46.1,47.1,55.4,56.9,44.6,52.4,47.5,48.5,45.1,57.4,58.8,58.3,46.1,48.5,45.5,47.5,50.5,6.0,5.1
1770631989.3189332,45.5,48.5,52.0,41.0,46.0,41.6,41.6,48.0,49.0,44.1,51.5,53.4,42.2,50.0,42.2,51.0,48.0,46.0,47.1,40.0,43.6,47.5,4.1,7.1
1770631990.319009,51.0,40.6,46.5,50.0,49.5,35.0,55.9,44.0,44.7,50.0,43.6,43.6,43.6,48.5,45.0,48.5,41.7,42.4,48.0,52.9,50.0,42.2,22.4,4.1
1770631991.3191044,41.2,43.6,38.6,43.1,44.1,40.6,46.0,42.2,35.6,40.0,42.6,42.2,48.5,49.0,49.5,54.5,46.1,48.5,45.5,41.7,47.6,41.2,10.2,5.0
1770631992.3191903,52.0,38.8,49.0,44.2,44.6,45.1,38.6,44.1,42.2,41.2,45.6,47.5,48.0,48.5,43.0,38.8,46.0,48.5,45.6,46.5,43.6,45.5,7.1,5.2
1770631993.3195624,51.5,49.0,46.0,41.6,45.1,47.5,52.9,40.6,41.6,38.5,44.0,46.2,52.0,45.5,43.1,42.2,47.5,51.5,42.0,47.0,47.5,46.5,6.1,4.0
1770631994.3196409,53.9,52.0,43.1,48.5,47.5,53.9,50.0,68.0,45.1,56.9,38.8,52.0,43.6,43.7,53.9,44.1,42.7,46.5,45.1,44.7,38.6,49.5,6.0,4.0
1770631995.3197253,48.0,49.0,57.0,58.8,55.4,48.5,63.5,52.4,40.6,52.5,51.5,47.6,52.9,48.5,50.5,48.5,52.5,46.1,47.1,50.5,46.5,64.7,3.1,4.1
1770631996.3197954,45.5,46.5,51.0,58.8,62.7,48.0,55.6,52.0,38.4,50.0,46.5,51.5,40.6,45.1,45.1,55.4,47.5,41.4,46.5,52.5,46.5,53.5,6.1,5.1
1770631997.3198516,45.0,59.6,49.5,47.5,52.0,52.0,38.6,47.5,47.6,56.3,50.5,53.0,47.1,43.3,50.0,49.0,57.4,45.5,52.9,48.0,51.0,51.9,13.1,5.1
1770631998.3199239,47.5,49.5,55.6,46.1,60.2,44.6,45.5,46.0,47.0,50.0,55.4,58.3,50.0,45.5,43.6,48.0,49.0,53.4,47.5,53.9,52.0,52.9,4.1,26.3
1770631999.3206856,52.0,49.5,40.6,52.5,49.0,49.5,50.5,42.6,47.1,48.0,43.1,55.4,51.5,51.0,49.5,49.5,49.0,55.0,49.5,52.0,51.0,54.0,3.1,25.5
1770632000.3207695,54.5,54.5,55.4,56.6,53.5,52.0,49.5,55.3,47.0,47.5,50.0,51.0,54.5,46.6,50.0,58.4,56.0,56.0,50.5,50.0,48.0,51.5,14.1,10.2
1770632001.3208559,57.4,53.5,54.5,52.4,52.5,50.0,58.4,54.5,51.0,49.0,49.0,53.5,56.6,55.0,49.0,58.3,52.0,55.4,56.9,47.6,48.0,53.5,17.3,30.7
1770632002.32095,51.0,47.5,46.0,49.5,50.5,48.0,52.0,51.0,45.5,45.0,45.1,45.5,53.4,51.0,48.5,45.5,57.3,44.6,49.0,48.5,54.5,57.4,14.1,2.0
1770632003.3210263,46.5,57.0,48.0,46.1,45.0,49.5,52.5,48.0,50.0,55.8,52.0,57.4,50.0,42.6,52.9,47.1,46.5,49.5,39.4,49.0,45.5,57.3,3.1,7.1
1770632004.3211098,46.5,43.1,49.5,47.1,49.0,51.0,57.8,44.1,47.1,49.5,57.4,53.9,47.5,45.0,49.5,48.0,45.0,48.0,47.6,44.6,57.8,50.0,8.0,12.2
1770632005.3212044,45.1,49.0,50.0,42.6,53.0,49.0,49.0,45.5,45.0,48.0,45.5,44.0,47.5,49.5,47.1,41.7,59.0,43.6,48.5,46.1,51.0,38.6,5.1,4.1
1770632006.321318,55.0,52.0,55.3,48.0,51.0,40.8,44.0,49.0,49.5,44.6,50.5,49.5,50.0,46.1,47.5,46.0,63.0,43.1,55.9,50.0,47.1,43.6,5.1,3.1
1770632007.321398,53.0,51.5,46.5,56.9,45.5,47.0,47.1,50.5,38.0,50.5,49.5,42.2,43.6,49.0,48.5,44.7,42.6,55.4,54.9,47.1,52.9,51.0,41.0,4.0
1770632008.3214684,53.5,57.4,55.9,54.0,48.5,51.5,43.0,54.4,47.1,51.0,50.5,39.6,45.5,49.5,47.0,51.5,40.0,61.4,45.5,49.0,48.0,49.5,36.7,2.1
1770632009.3215384,50.5,52.0,46.1,49.0,50.5,54.5,47.5,52.0,46.5,52.9,47.0,49.0,50.0,51.0,45.6,52.4,46.6,54.9,46.1,54.0,52.0,52.5,19.8,4.1
1770632010.3216066,65.7,58.4,46.5,41.6,47.5,55.0,48.5,48.5,43.6,47.1,47.6,40.6,45.5,50.0,52.5,43.6,50.5,44.6,41.0,39.8,49.0,47.5,13.4,17.2
1770632011.3216786,57.4,57.3,57.4,49.5,50.0,53.4,53.0,55.4,51.0,62.0,48.0,50.5,53.4,51.5,55.9,48.0,53.9,53.8,55.4,46.5,53.9,48.0,18.2,3.1
1770632012.3217473,56.6,50.5,55.4,41.0,48.0,45.1,47.6,45.5,47.5,49.0,41.6,49.5,41.2,47.1,49.0,52.0,43.0,49.5,52.9,48.0,45.1,47.5,9.2,4.1
1770632013.3221607,49.0,54.5,55.4,44.6,50.5,51.0,50.5,50.5,54.5,47.5,50.5,56.4,53.0,45.5,53.9,61.0,51.0,48.0,53.0,56.0,47.5,50.5,7.9,4.1
1770632014.3222456,53.0,47.0,56.3,45.5,45.5,50.5,48.0,52.0,51.0,47.0,48.0,52.4,49.5,47.0,55.4,54.5,47.5,46.5,47.5,50.5,47.5,46.5,8.2,12.1
1770632015.3223212,58.4,52.9,48.0,49.5,54.5,50.5,52.0,56.4,50.5,46.5,51.5,53.0,54.9,48.0,61.2,50.5,55.4,54.5,56.9,55.9,51.0,54.9,44.0,3.1
1770632016.322399,56.0,49.0,50.0,52.0,57.0,52.0,45.5,51.0,52.9,58.4,50.5,51.0,51.5,46.1,53.9,50.5,47.1,53.4,49.5,52.9,49.0,51.5,7.1,24.5
1770632017.3224766,46.0,46.1,47.0,38.0,40.6,46.0,44.6,52.0,45.5,42.6,40.0,56.9,54.5,48.5,46.5,47.5,52.5,45.5,44.1,43.6,59.4,52.0,20.0,16.2
1770632018.322559,48.0,49.0,49.5,50.0,51.0,54.4,47.6,52.9,50.0,51.0,48.0,42.2,46.5,52.5,48.0,52.5,48.0,49.0,44.1,47.1,42.2,50.5,18.6,16.3
1770632019.3226266,50.0,53.9,50.0,39.0,46.5,55.4,50.0,44.6,40.0,46.5,41.2,40.6,47.0,52.5,45.0,48.5,41.6,45.5,43.6,38.6,42.0,42.6,4.0,16.0
1770632020.322713,52.5,51.5,43.4,45.1,49.5,45.1,43.0,51.0,39.2,50.0,45.0,48.5,36.3,53.9,46.2,47.1,45.1,39.6,44.0,42.6,52.0,50.0,6.1,7.1
1770632021.3229282,48.0,53.9,48.5,56.0,49.0,51.5,47.1,40.6,48.1,54.5,48.5,52.5,42.6,51.0,45.5,47.0,49.0,47.5,45.1,50.0,47.5,45.5,22.2,5.0
1770632022.323005,41.4,54.4,44.7,42.6,47.1,38.0,40.6,38.6,51.5,50.0,46.0,36.3,41.6,40.6,39.6,44.1,50.5,40.6,43.6,51.5,55.9,41.2,8.1,13.3
1770632023.3230946,54.5,55.4,48.0,40.8,46.1,46.1,42.6,44.4,50.5,47.1,45.6,45.6,49.5,39.8,42.2,43.0,41.0,51.0,41.2,43.7,49.0,40.0,4.0,8.3
1770632024.3238416,39.8,50.0,52.0,43.6,45.5,41.2,40.6,47.6,49.5,43.0,45.5,40.4,44.6,36.6,43.6,46.6,40.6,51.0,51.0,45.0,50.0,47.5,10.1,8.2
1770632025.324701,47.1,49.5,42.6,55.3,50.5,44.0,51.0,53.9,54.0,52.0,41.7,50.0,59.0,52.4,47.5,52.0,52.0,48.0,54.4,50.5,49.5,46.1,3.1,5.9
1770632026.325243,53.5,50.5,49.0,56.0,55.4,47.6,50.0,48.0,55.9,47.0,46.5,52.5,59.4,55.9,46.0,58.4,46.1,53.9,47.1,52.0,52.4,47.5,18.2,7.2
1770632027.32533,50.0,56.9,54.5,41.0,47.5,49.0,43.0,42.6,46.5,50.5,43.9,46.5,50.5,51.0,54.5,48.0,50.0,53.9,51.0,50.0,44.4,54.0,6.1,6.2
1770632028.3254063,40.4,36.4,47.5,44.6,42.6,42.2,39.6,52.5,45.5,44.9,48.0,50.0,51.0,41.4,49.0,44.4,48.5,48.5,49.0,40.0,43.0,53.5,6.1,3.1
1770632029.325496,47.1,47.5,60.0,45.5,52.9,58.4,47.0,47.1,52.9,51.0,51.0,55.3,52.0,48.0,52.0,49.0,48.0,44.6,52.4,47.0,44.0,59.4,15.3,11.2
1770632030.3255665,55.4,46.5,48.0,48.0,48.5,52.9,47.0,52.5,45.1,51.9,54.0,51.5,51.5,55.4,58.3,52.4,46.1,50.5,56.4,46.5,52.9,49.5,3.1,23.5
1770632031.3256485,53.5,41.0,47.5,45.5,47.0,50.0,50.0,48.0,63.4,45.5,48.0,49.5,44.1,43.9,50.5,52.5,44.0,43.4,52.0,51.5,46.0,50.5,5.0,20.2
1770632032.3257236,41.4,47.1,48.0,45.0,42.0,49.5,39.6,39.0,48.5,49.0,42.6,45.5,47.1,52.5,51.0,56.0,43.0,42.4,46.5,40.6,51.5,45.5,11.1,5.2
1770632033.3257961,53.0,46.6,44.6,49.5,45.0,48.0,45.0,44.0,44.7,49.5,55.4,43.0,46.5,45.6,44.1,49.5,46.2,45.5,45.6,44.7,60.2,51.5,13.4,3.1
1770632034.3258765,40.0,50.0,47.0,44.7,42.7,54.0,45.5,37.6,48.5,55.3,56.3,50.5,55.0,39.0,52.5,49.0,45.5,47.6,42.6,44.4,44.0,44.6,2.0,6.0
1770632035.326188,47.0,46.5,44.6,47.0,44.0,52.0,62.5,45.5,52.0,65.3,52.5,47.5,46.1,52.5,48.0,49.0,52.5,56.3,49.5,43.6,47.5,47.5,10.1,10.3
1770632036.3262672,47.5,46.1,43.0,45.5,47.1,40.6,55.4,43.0,49.5,41.6,48.5,42.6,31.3,45.1,46.6,46.0,35.6,43.4,50.0,46.5,39.6,41.2,9.0,5.1
1770632037.3263388,50.5,47.0,49.5,47.5,49.5,51.5,46.0,48.0,51.0,54.9,45.1,42.2,44.1,44.7,42.6,47.5,37.3,44.1,59.4,43.6,41.6,55.9,28.3,2.0
1770632038.3264384,51.0,50.0,53.5,58.8,47.5,52.9,53.9,53.0,47.0,53.9,43.6,51.5,51.5,50.0,51.0,52.5,49.5,54.0,52.0,50.0,50.5,59.4,10.3,12.1
1770632039.3265228,38.8,48.5,53.9,49.5,40.6,53.9,48.0,47.5,48.5,44.0,46.5,45.5,43.0,48.5,44.6,41.3,51.0,54.4,45.0,48.5,51.0,59.8,3.1,20.2
1770632040.3266056,50.0,47.6,40.0,49.0,46.5,48.5,41.0,41.2,46.1,42.2,55.9,46.5,51.0,43.0,39.2,47.0,44.0,41.2,40.6,55.4,46.0,50.0,4.1,6.0
1770632041.3270159,54.5,47.5,48.5,45.6,49.0,53.9,45.5,48.0,44.1,45.5,48.5,53.9,49.0,56.3,42.2,45.1,42.2,43.6,41.0,39.0,40.0,51.5,4.1,24.7
1770632042.3282886,53.0,48.5,54.9,46.5,45.5,49.5,45.1,52.5,46.0,44.6,49.5,52.0,57.8,40.6,46.1,45.5,51.5,41.6,53.5,38.8,44.1,43.6,3.1,14.1
1770632043.328368,51.0,45.5,55.9,46.0,52.0,48.5,53.5,52.0,44.1,45.1,57.8,50.5,54.5,44.6,48.5,57.4,49.5,48.0,50.0,56.0,53.5,46.6,5.1,17.3
1770632044.3284533,50.5,52.0,53.5,46.5,56.0,50.5,49.5,52.5,55.3,58.4,60.2,47.5,53.0,54.0,53.5,52.0,47.1,51.5,46.1,56.3,47.5,66.3,11.2,9.2
1770632045.3289962,52.5,50.5,46.5,49.5,47.6,42.6,51.5,52.4,49.0,52.5,55.4,48.5,53.9,53.0,46.5,49.0,55.4,46.5,48.5,50.0,47.6,48.5,6.0,6.1
1770632046.330049,49.5,45.1,50.5,47.1,47.5,52.9,51.0,50.5,54.4,42.2,61.8,47.5,46.6,48.1,48.5,50.5,50.5,54.5,55.9,45.5,47.1,51.5,2.1,4.2
1770632047.3301158,53.0,44.0,54.5,46.0,51.0,53.0,52.0,42.2,46.5,49.0,48.5,59.0,53.0,53.5,46.1,52.5,43.4,54.0,58.8,53.5,52.5,53.5,6.1,6.0
1770632048.3302007,49.5,46.1,54.9,57.3,50.5,65.7,51.0,56.3,44.6,56.0,45.0,49.5,48.5,45.0,48.0,52.0,47.5,46.5,59.0,46.0,45.0,47.5,14.4,4.1
1770632049.3302774,50.0,52.0,50.0,60.0,49.0,44.6,55.3,50.5,43.6,43.7,44.4,51.5,50.5,46.1,52.0,50.0,56.0,46.5,47.1,48.0,52.0,48.5,9.1,4.1
1770632050.3303785,46.5,46.1,55.8,45.0,44.1,44.6,48.0,45.5,51.0,49.0,45.5,49.5,46.0,53.5,46.0,43.6,48.5,43.1,52.9,46.5,51.5,49.5,20.4,9.0
1770632051.3304453,47.5,53.0,44.9,51.0,54.5,52.9,56.0,44.2,52.9,45.0,46.5,51.0,47.1,51.0,48.5,49.5,53.9,49.5,51.5,47.5,49.5,49.0,18.0,3.1
1770632052.330527,52.0,51.5,45.0,52.0,51.0,45.0,46.0,53.0,53.0,49.5,48.0,56.9,51.0,50.5,49.5,54.0,52.5,52.0,45.5,52.0,40.6,47.5,3.0,32.7
1770632053.3306231,44.6,45.0,46.0,49.5,55.4,47.5,45.6,51.0,57.8,47.1,51.0,57.3,48.0,50.5,47.5,53.4,36.6,50.5,49.0,53.4,50.5,52.5,4.0,22.4
1770632054.3307114,56.0,46.5,47.1,50.5,52.0,50.0,40.0,46.6,48.0,42.0,49.5,48.0,47.0,45.5,50.0,43.1,48.0,42.6,45.5,47.0,50.0,43.6,3.1,14.1
1770632055.330801,47.5,45.1,41.4,47.5,53.4,50.5,54.9,42.6,55.9,46.6,48.0,45.5,48.5,49.5,50.0,45.1,46.5,44.6,46.1,48.0,45.5,50.5,5.1,19.2
1770632056.331018,50.5,47.5,55.4,49.0,51.5,46.1,47.5,50.0,46.0,36.3,55.4,51.0,58.8,45.5,43.6,54.0,50.0,44.4,47.5,45.5,54.5,51.5,14.3,7.1
1770632057.3314471,52.5,53.5,44.1,48.0,49.0,41.6,51.0,48.5,48.0,47.0,51.5,39.2,53.5,44.6,50.0,45.1,52.0,44.1,45.6,52.0,47.6,48.5,25.3,2.0
1770632058.3315268,50.5,45.1,41.8,55.4,51.5,43.1,51.0,48.5,48.0,48.5,45.5,48.5,47.5,52.9,44.1,47.6,48.0,44.6,51.0,48.5,50.0,45.5,4.0,29.6
1770632059.331602,41.4,49.5,44.1,52.5,45.1,46.5,44.0,45.1,44.6,58.0,47.5,49.0,41.3,50.5,47.1,52.4,44.1,45.6,51.0,51.5,48.5,47.1,3.1,22.2
1770632060.3316708,45.5,56.4,47.5,55.0,49.0,49.5,50.0,44.0,44.0,49.5,45.0,47.1,47.5,52.9,52.4,47.5,44.4,45.0,47.1,50.5,46.0,57.8,10.2,4.0
1770632061.3322997,49.0,45.1,45.1,50.5,48.5,46.5,50.0,59.2,52.4,45.5,55.3,54.0,54.5,41.0,50.0,43.1,43.7,56.9,51.5,46.1,49.5,45.5,10.2,9.3
1770632062.3323736,55.9,40.6,44.6,47.5,49.5,51.5,55.3,44.1,46.0,51.0,47.5,46.1,53.4,50.5,51.0,47.5,43.6,51.0,42.2,47.5,42.6,43.1,8.1,15.0
1770632063.3324416,37.4,46.5,42.6,47.1,39.6,52.5,51.0,49.0,48.1,52.5,47.1,49.5,47.5,52.5,49.5,47.5,42.0,54.0,56.0,47.6,36.3,50.5,10.2,5.1
1770632064.3325276,53.1,52.0,48.0,55.0,53.5,49.5,54.0,46.5,43.0,48.5,54.9,50.5,43.6,56.3,41.2,52.5,50.0,49.5,47.0,54.0,45.5,47.5,12.2,3.1
1770632065.3325996,37.9,47.1,46.6,52.0,45.0,47.5,51.0,42.6,47.0,42.4,44.4,45.1,48.5,52.0,43.1,49.0,41.2,37.9,53.5,41.6,44.1,51.0,4.0,19.0
1770632066.3326895,46.5,54.5,51.0,49.5,53.0,51.0,47.1,48.0,53.9,52.0,52.0,48.0,55.3,54.0,47.1,52.9,49.5,47.0,51.0,45.5,41.7,47.1,3.1,15.0
1770632067.3327754,50.0,47.6,45.1,44.6,54.0,51.5,51.0,46.0,48.5,43.4,48.0,50.5,54.5,51.5,50.5,46.5,50.0,55.4,52.0,49.0,51.5,46.0,9.2,8.2
1770632068.3328567,58.3,50.5,43.0,45.5,48.5,50.0,41.0,51.5,45.5,45.1,49.5,48.0,48.5,51.5,52.5,48.5,47.1,45.5,51.0,47.1,48.0,47.0,5.2,28.3
1770632069.3334975,53.6,55.4,50.5,56.4,46.5,52.5,47.5,48.0,43.7,50.0,50.0,53.9,48.0,44.6,44.6,49.0,52.0,51.5,56.0,53.5,48.0,42.6,19.0,12.1
1770632070.3335624,49.5,46.5,48.5,46.5,43.6,55.0,51.5,54.0,47.5,52.0,46.1,49.5,54.0,47.5,43.0,48.0,38.4,52.9,51.5,44.4,49.0,38.6,27.6,3.0
1770632071.3336298,52.0,45.1,48.0,56.9,54.0,51.5,52.0,54.9,57.4,56.9,54.5,53.9,53.5,49.0,52.9,49.0,47.0,54.5,55.4,56.9,46.0,58.4,14.1,8.2
1770632072.3337042,53.5,52.0,51.0,55.4,51.0,46.1,58.3,50.0,38.4,55.0,58.8,44.6,54.9,47.1,52.0,50.5,48.5,45.5,50.0,52.0,45.5,43.0,16.3,13.1
1770632073.334132,50.0,50.5,46.5,56.7,48.5,56.9,50.5,51.0,45.1,51.0,44.6,48.5,51.5,56.0,47.0,52.5,54.0,51.0,43.6,53.0,61.8,50.5,14.0,5.1
1770632074.3342743,48.0,51.0,40.6,42.4,50.0,46.0,49.0,53.0,47.0,47.5,40.0,47.1,45.5,51.5,52.4,56.9,50.0,52.0,48.0,43.6,50.0,44.0,4.2,4.0
1770632075.3343978,50.0,49.5,50.5,42.2,43.0,56.0,48.0,51.0,49.5,51.5,46.0,38.4,47.5,57.0,43.4,50.0,51.5,55.4,56.4,55.6,48.5,51.0,11.1,5.1
1770632076.3344734,54.5,41.2,38.0,43.7,47.5,43.6,39.6,49.0,51.9,51.5,44.7,47.5,50.0,45.1,44.2,42.2,50.5,41.0,45.5,51.4,45.6,49.5,3.1,14.1
1770632077.3345625,50.0,42.7,47.1,47.1,46.5,40.6,47.1,52.5,48.0,46.1,42.7,42.2,53.0,43.6,46.0,39.6,50.0,42.6,53.5,44.0,44.6,46.0,18.2,4.0
1770632078.3346455,42.0,40.6,44.1,48.5,43.1,39.0,42.2,52.4,45.5,46.5,44.6,39.6,50.0,42.6,43.1,50.0,43.6,40.2,42.7,41.0,44.6,49.0,33.3,3.0
1770632079.3347151,49.5,43.0,36.4,50.0,56.6,47.1,50.0,54.5,42.2,51.0,54.5,52.9,42.2,53.9,45.5,51.0,49.0,47.5,52.0,44.2,36.3,51.5,34.0,4.1
1770632080.334954,53.0,40.6,43.6,52.0,48.0,49.0,56.0,39.6,49.5,46.5,44.0,51.0,44.0,47.0,51.5,46.0,49.5,51.5,48.0,39.4,39.8,48.0,23.0,3.1
1770632081.3350167,47.0,46.1,47.5,41.7,44.0,45.5,42.2,59.0,44.7,45.6,50.0,43.6,49.5,43.7,48.0,49.0,48.5,49.0,54.5,44.1,43.0,43.1,13.3,11.1
1770632082.3350978,49.0,48.0,46.5,56.0,42.0,47.0,56.4,41.2,47.5,48.0,47.0,46.5,54.5,41.4,54.5,43.0,45.5,47.0,49.0,48.5,52.0,50.5,3.0,33.7
1770632083.3351836,58.6,50.0,50.5,49.0,45.0,51.5,51.0,44.4,49.5,44.7,48.5,52.5,45.5,46.5,55.4,45.5,56.9,41.2,58.4,46.1,49.5,48.5,15.5,5.1
1770632084.3352559,54.5,49.0,47.5,53.4,49.0,55.0,47.5,55.4,50.0,47.6,51.5,50.5,57.4,50.5,53.9,51.5,56.4,49.0,61.2,43.0,51.5,47.0,4.0,18.2
1770632085.335341,51.0,50.0,52.9,44.0,48.5,47.5,52.0,49.0,47.6,45.5,45.6,50.5,47.6,56.3,48.5,53.5,45.5,48.0,56.4,44.0,53.5,50.0,6.1,4.1
1770632086.3354244,57.4,51.5,53.1,46.5,51.0,45.0,43.4,49.0,48.5,45.1,44.0,46.5,44.6,51.0,46.0,44.9,44.6,48.5,53.0,43.1,46.5,47.0,9.2,7.1
1770632087.3355174,53.9,47.5,54.4,44.1,46.0,47.5,46.5,48.5,48.0,46.5,47.1,44.0,47.0,48.0,42.2,52.9,49.0,50.5,51.5,52.4,52.9,51.5,6.0,12.1
1770632088.3355963,49.5,52.0,51.0,46.0,47.1,44.6,55.3,52.5,41.0,55.4,53.9,47.1,48.0,48.5,45.9,43.6,49.5,41.6,41.4,57.0,40.0,52.0,13.1,7.1
1770632089.3356724,58.0,44.0,49.5,43.6,45.5,47.5,45.5,52.0,51.5,45.0,52.0,53.5,50.0,45.2,52.0,48.5,56.3,47.5,55.4,50.0,44.7,51.0,14.3,5.1
1770632090.3364844,45.0,50.5,47.0,46.5,53.5,54.4,45.0,49.5,55.9,49.0,49.0,46.5,48.5,56.0,46.5,51.5,44.0,53.9,46.6,51.5,52.5,41.0,4.0,11.1
1770632091.336903,55.4,52.5,45.5,54.0,44.6,54.5,43.1,54.0,45.1,44.1,60.8,50.0,43.6,46.5,56.3,54.0,55.4,53.9,52.0,54.4,55.8,52.4,15.3,5.1
1770632092.3369856,47.0,49.5,49.5,50.5,50.5,43.6,43.0,48.5,44.0,43.0,52.0,47.1,50.0,47.1,45.5,42.6,45.5,50.0,51.5,58.4,48.0,55.4,3.1,15.0
1770632093.3370757,48.5,50.0,50.5,43.1,38.2,48.5,49.0,52.5,52.9,40.8,46.1,46.6,44.1,48.5,45.1,52.9,53.9,46.5,51.5,58.4,44.6,46.5,11.1,4.1
1770632094.3371563,38.6,56.4,49.5,45.5,44.6,40.0,47.0,51.5,49.5,38.4,48.5,43.6,42.6,37.0,49.0,51.0,47.0,51.5,40.2,55.9,45.0,44.6,10.0,4.1
1770632095.337242,53.5,55.0,52.5,44.1,48.0,50.0,64.1,50.5,48.0,50.5,48.0,50.5,48.5,51.5,61.2,42.6,53.9,52.4,52.4,53.0,47.1,57.4,5.3,6.1
1770632096.3375692,50.0,45.6,55.4,44.6,57.4,50.0,52.0,46.1,56.4,55.9,50.5,46.6,43.6,49.0,43.6,46.5,52.9,54.5,51.0,55.0,50.0,55.3,14.0,6.1
1770632097.337646,52.9,60.8,49.0,55.0,53.5,53.9,47.5,59.8,61.2,49.5,51.0,51.0,48.5,52.0,48.0,54.3,52.5,47.5,50.0,51.0,58.3,56.0,8.2,13.3
1770632098.33772,47.5,45.0,47.0,42.2,49.0,43.6,57.4,49.0,41.0,42.6,58.8,47.1,50.0,59.2,43.7,50.5,49.5,52.9,43.7,46.5,45.5,41.2,6.1,4.1
1770632099.3377907,49.5,51.0,52.4,48.0,52.0,53.4,51.0,51.0,57.8,54.5,61.8,52.5,47.1,53.5,46.5,51.5,52.0,41.6,45.6,49.5,52.0,47.5,28.6,4.0
1770632100.3378747,47.0,51.0,48.5,51.0,53.5,53.5,56.0,52.9,54.0,59.2,55.4,49.5,49.0,43.0,47.0,54.9,56.9,53.4,51.5,46.5,52.5,49.5,12.2,14.1
1770632101.3379438,54.0,49.0,51.0,49.5,42.4,52.0,50.5,52.0,50.0,46.0,48.5,42.6,59.4,44.6,50.0,47.1,52.0,43.6,53.0,46.1,46.5,50.0,4.1,26.5
1770632102.3392918,46.1,49.0,44.4,49.0,38.6,53.4,45.5,41.6,54.5,46.6,44.0,56.4,56.4,41.0,44.6,45.5,42.6,45.5,44.7,55.4,45.1,41.2,6.0,2.1
1770632103.3393843,48.5,48.0,49.0,47.5,47.5,51.5,52.9,44.1,49.0,45.0,49.0,51.0,49.5,58.8,51.0,52.5,52.9,50.5,47.0,52.5,50.0,43.4,4.2,5.1
1770632104.3394616,42.6,48.0,46.5,45.0,46.5,54.0,48.5,51.0,40.2,54.9,53.4,53.5,46.1,51.0,48.0,52.0,54.9,48.0,45.5,50.0,47.1,51.5,3.1,7.1
1770632105.3395295,45.5,48.0,50.0,49.0,54.5,47.6,57.4,37.6,48.0,50.0,54.5,41.2,50.5,44.0,46.0,51.5,42.4,44.0,47.1,42.6,54.5,46.1,3.1,5.1
1770632106.3396041,43.6,50.0,50.0,42.3,44.6,53.5,51.0,48.0,53.0,50.5,47.5,53.9,48.0,49.5,52.5,52.9,54.8,61.4,54.0,46.5,51.0,52.0,31.6,4.1
1770632107.3404987,45.5,43.1,38.6,44.0,50.0,47.6,41.7,53.5,51.5,50.5,49.0,55.3,55.9,43.1,46.6,50.5,50.0,47.5,50.0,47.1,45.1,52.9,29.0,4.1
1770632108.3405821,52.0,42.6,55.4,44.1,46.1,43.4,48.5,47.5,44.6,52.9,47.5,44.1,59.8,51.0,44.4,49.5,52.4,56.9,43.6,50.5,54.9,56.9,19.6,4.0
1770632109.3406649,48.5,53.0,48.5,46.1,62.4,51.5,44.6,52.0,46.0,54.0,47.5,49.0,51.0,43.6,47.1,47.5,47.6,63.4,48.0,48.5,59.4,54.9,6.1,6.1
1770632110.3407445,55.0,52.4,47.1,52.0,55.3,51.0,48.5,57.8,53.4,49.5,56.9,47.1,47.5,48.0,48.0,50.5,51.5,62.4,48.0,51.5,56.4,48.0,3.1,5.1
1770632111.3408139,46.5,36.7,43.0,58.3,38.0,46.5,49.0,51.5,43.9,51.0,46.6,51.0,51.0,48.5,58.0,44.6,42.6,51.0,48.5,46.2,46.5,46.0,19.2,18.4
1770632112.3408945,54.5,42.7,48.0,49.5,42.6,51.5,35.0,40.2,43.7,44.0,38.4,46.5,41.6,49.5,43.1,46.5,44.6,47.1,43.6,45.0,56.7,46.1,37.4,3.0
1770632113.3415444,49.0,48.0,51.0,46.0,54.5,51.0,45.0,50.5,44.0,48.5,45.5,40.6,49.5,50.0,44.0,47.5,44.6,56.9,44.6,45.0,41.0,53.0,33.0,3.1
1770632114.3416176,58.8,52.0,45.5,51.0,52.5,54.5,52.9,47.6,45.5,54.4,45.5,51.0,46.0,47.5,49.0,49.5,50.0,57.4,49.5,49.0,60.4,52.0,26.8,4.0
1770632115.3417003,54.0,52.0,55.9,50.5,52.5,52.5,53.5,56.0,60.4,47.5,56.9,51.0,55.9,53.9,53.9,55.0,53.5,54.5,53.4,51.0,52.0,43.6,20.0,4.1
1770632116.341791,43.0,52.0,56.4,42.0,59.0,44.1,46.1,46.1,54.4,43.4,46.1,48.0,44.6,50.0,46.0,47.1,45.5,51.5,41.4,44.6,52.5,49.5,6.1,5.1
1770632117.341877,47.5,43.6,47.0,41.2,58.8,41.0,50.0,53.0,50.0,43.1,45.5,47.5,48.0,45.5,47.0,49.0,48.5,50.5,54.9,40.0,44.6,54.5,4.1,5.1
1770632118.3425965,54.0,43.6,45.1,42.0,50.0,49.5,46.5,48.5,48.5,53.9,53.0,56.9,52.5,49.5,52.0,55.9,62.0,46.1,52.5,54.9,51.0,45.1,12.1,3.0
1770632119.3433676,48.5,47.5,47.5,55.3,44.6,46.5,54.9,43.6,41.0,44.1,48.5,48.0,47.5,49.5,48.5,62.4,48.6,41.6,45.5,45.5,54.5,44.0,3.1,3.1
1770632120.3434587,51.5,53.4,51.5,44.6,41.7,41.6,41.2,44.6,45.0,47.1,51.5,43.6,41.6,44.0,52.5,42.2,46.5,52.4,52.9,45.6,51.5,49.5,6.1,10.0
1770632121.343552,53.9,48.5,54.0,51.0,58.4,55.9,52.0,46.5,57.3,44.4,47.1,47.5,39.6,46.1,52.0,52.5,56.4,45.0,49.0,40.6,44.6,48.0,4.1,8.1
1770632122.343626,42.4,55.9,42.4,52.5,47.5,45.0,51.5,52.9,47.0,46.1,47.0,49.5,52.4,45.1,53.5,52.5,48.0,46.5,47.0,45.0,51.5,47.0,5.1,12.2
1770632123.3437057,50.0,60.0,45.1,51.0,49.5,46.5,51.0,44.6,45.6,53.5,46.6,50.5,49.0,45.5,56.4,47.5,55.9,44.0,54.4,43.6,60.2,44.0,8.2,8.2
1770632124.3440843,46.0,56.3,46.1,44.7,49.5,45.5,47.5,48.0,38.2,53.5,44.0,58.8,44.6,55.9,42.6,43.0,43.6,54.9,51.0,52.0,49.0,48.0,5.2,8.2
1770632125.3441787,45.0,50.0,45.9,45.5,49.5,46.1,48.5,47.5,43.6,40.2,41.7,45.0,44.1,44.1,39.4,44.6,45.5,40.6,47.6,43.1,37.6,49.0,3.1,8.1
1770632126.3451076,47.5,45.1,48.5,46.0,43.7,40.4,57.0,44.6,48.5,48.0,48.5,50.5,41.6,47.5,40.0,44.1,59.8,47.5,47.0,47.0,47.5,43.0,11.3,2.0
1770632127.3453135,47.5,51.0,48.5,45.0,49.5,46.6,52.5,41.4,48.5,52.5,46.5,55.9,50.5,49.0,46.1,60.0,46.0,54.4,52.0,45.1,48.5,49.5,7.1,8.3
1770632128.3454015,48.0,47.6,57.4,49.5,50.5,55.0,50.0,52.0,43.0,52.5,46.1,45.5,56.0,52.0,44.6,52.0,48.5,54.0,50.5,47.1,50.5,54.9,3.1,20.2
1770632129.3454735,55.0,45.5,54.5,50.5,46.5,57.4,52.0,48.0,44.6,50.0,46.6,52.4,50.0,52.0,49.0,49.5,48.5,51.0,50.5,48.5,47.6,51.0,4.0,24.2
1770632130.3465579,47.5,45.1,47.5,43.0,46.6,42.6,41.6,48.0,43.3,54.9,42.0,48.0,46.1,39.8,49.0,47.0,50.0,48.5,50.0,50.0,49.5,48.5,17.2,4.0
1770632131.346641,47.5,47.6,45.6,47.0,43.4,49.0,43.6,45.5,43.1,49.0,37.3,48.0,49.0,40.0,53.9,41.2,46.0,50.5,45.1,62.4,45.5,42.2,4.0,4.1
1770632132.34672,48.5,46.0,48.5,48.0,46.5,56.9,59.4,51.5,46.9,53.9,57.4,44.7,44.1,44.1,53.0,43.1,47.6,49.5,51.0,50.0,49.0,56.4,5.2,22.4
1770632133.3469288,55.4,55.9,51.0,52.0,48.0,52.9,48.0,56.9,47.5,50.5,60.4,56.0,50.5,53.0,44.1,48.5,54.9,50.0,55.4,56.9,56.4,55.4,5.2,14.1
1770632134.347061,52.0,44.6,49.0,43.6,50.5,42.6,55.9,48.0,46.0,50.0,59.4,50.5,57.8,49.5,46.2,55.0,47.5,53.9,52.0,48.0,51.5,52.0,16.0,13.3
1770632135.3471446,40.6,43.6,45.5,42.7,48.0,43.0,47.5,41.0,52.0,49.5,52.5,49.0,48.5,43.1,39.0,45.1,50.5,48.0,40.6,45.6,52.9,41.6,24.2,3.0
1770632136.34721,55.6,56.0,43.9,52.0,47.5,51.0,41.6,54.5,54.4,52.4,43.1,51.0,51.0,45.0,52.5,49.0,53.0,53.5,56.4,53.9,51.5,34.0,4.1,6.1
1770632137.3475344,49.5,44.7,49.5,52.5,46.1,54.0,53.5,53.9,49.5,52.4,51.0,51.5,54.5,51.0,55.9,54.5,48.0,50.5,53.9,47.0,52.0,46.5,4.1,6.1
1770632138.3476014,53.1,42.6,46.1,51.5,46.5,43.6,49.0,45.5,45.5,54.5,56.6,44.4,46.0,49.5,52.5,40.6,42.4,58.4,58.0,42.7,45.1,48.5,3.1,5.1
1770632139.3480062,55.4,47.5,50.5,53.5,55.0,47.5,54.0,42.6,47.5,55.0,57.8,49.5,49.5,45.1,51.5,48.0,59.4,48.0,56.3,40.0,45.5,56.4,8.1,5.2
1770632140.3480914,55.6,56.4,56.0,49.0,47.1,51.5,48.0,55.4,46.5,50.5,53.9,39.0,51.0,52.5,49.5,55.6,49.5,49.5,52.0,47.0,50.5,49.5,13.1,6.3
1770632141.3483245,56.4,49.0,57.4,48.0,48.5,48.5,56.9,44.7,50.0,52.4,49.5,54.0,57.8,45.2,47.0,47.1,44.1,47.5,50.0,44.1,50.5,50.5,5.1,7.0
1770632142.3497784,60.6,44.0,46.5,47.5,50.5,43.1,41.6,46.0,51.0,51.5,49.5,43.1,43.1,51.5,53.5,51.5,50.5,42.0,47.5,54.0,45.5,43.6,4.1,5.2
1770632143.3498602,52.9,48.5,52.0,45.1,55.4,50.5,41.6,51.5,52.0,45.5,44.1,49.0,45.0,49.5,51.0,42.0,41.2,44.6,53.9,49.0,46.5,53.5,4.1,4.1
1770632144.349941,48.0,52.5,44.6,55.9,45.5,54.5,56.9,46.1,43.4,56.4,50.5,45.1,44.6,46.5,44.4,51.0,45.5,53.9,52.0,48.5,43.4,45.5,3.1,5.1
1770632145.3500285,61.0,60.4,53.9,47.5,52.0,52.0,56.9,48.5,48.5,47.5,48.0,53.5,46.1,52.0,50.0,43.6,58.0,53.5,55.4,51.0,48.0,55.0,6.0,28.0
1770632146.3502734,53.5,38.6,52.5,46.1,48.0,49.5,50.5,55.9,42.2,54.5,50.0,53.0,49.0,53.9,49.0,52.9,42.6,55.0,52.9,49.0,42.2,46.6,6.1,33.3
1770632147.3503444,37.0,45.1,46.0,46.5,47.5,47.6,50.0,60.0,46.0,42.7,37.6,48.5,35.0,39.4,36.4,46.1,43.1,40.2,54.0,44.0,49.5,44.6,3.1,16.2
1770632148.3514707,47.5,46.5,43.7,51.5,48.5,50.5,38.2,44.6,46.1,50.0,49.5,45.1,41.7,42.3,50.5,42.6,39.6,37.9,41.3,43.7,47.0,41.7,3.0,5.1
1770632149.351546,43.0,43.0,50.0,41.4,47.5,51.0,50.5,45.0,41.6,49.5,45.0,52.5,42.6,49.5,43.1,53.9,46.5,46.5,44.9,49.5,44.6,39.0,4.1,3.1
1770632150.3516212,36.0,41.7,39.6,48.5,41.6,51.0,49.5,40.2,40.2,39.0,41.2,38.2,34.7,46.0,42.0,36.6,48.5,36.6,40.2,35.6,45.0,37.9,4.0,4.0
1770632151.351685,43.6,43.1,54.0,42.7,44.1,52.4,43.6,57.4,45.5,37.9,46.5,49.5,38.8,53.5,50.0,48.5,47.1,36.6,55.4,49.0,47.1,42.2,4.1,8.0
1770632152.3526194,50.5,40.6,40.6,45.1,45.0,41.6,33.3,49.5,36.3,43.6,34.3,32.0,53.9,41.2,52.9,47.1,41.2,38.2,42.6,43.1,40.0,41.2,3.0,4.1
1770632153.3527012,37.0,36.3,35.6,34.7,46.1,31.4,52.9,42.6,32.0,37.6,40.6,36.9,49.5,37.6,38.2,34.3,41.2,48.0,36.3,39.8,39.0,41.6,5.0,3.0
1770632154.352768,43.0,43.1,41.6,41.2,35.9,41.7,56.9,47.6,40.2,37.0,53.5,40.6,43.6,31.7,42.2,51.5,38.0,52.0,36.6,37.9,36.3,42.2,20.2,4.1
1770632155.3528528,42.0,38.0,41.0,35.4,38.6,39.0,40.2,38.0,36.3,36.3,41.6,45.5,30.4,40.6,40.0,46.1,51.0,36.3,37.3,44.6,34.0,43.1,3.0,4.0
1770632156.3529255,44.6,45.5,53.5,50.5,45.6,40.6,41.4,40.0,41.2,46.1,48.5,45.6,44.1,46.5,44.1,42.6,42.2,49.0,36.6,54.5,38.0,46.0,4.0,36.6
1770632157.3529973,51.5,38.2,45.6,44.1,50.5,38.2,40.2,49.0,41.2,44.6,52.0,54.9,45.0,40.2,43.6,45.6,50.0,50.5,38.6,52.5,43.0,43.6,2.0,17.5
1770632158.353067,48.0,48.5,56.9,44.0,42.0,49.5,39.6,40.8,47.5,52.4,45.5,45.1,43.6,45.1,33.3,44.1,53.5,42.6,42.2,48.5,43.3,47.1,4.0,3.0
1770632159.3542864,41.0,48.5,39.6,53.9,51.0,39.2,36.3,45.5,39.6,38.6,39.6,41.2,37.9,39.6,39.6,39.6,32.7,29.7,36.3,45.0,32.7,48.5,3.1,3.0
1770632160.354365,38.0,49.5,45.5,55.4,36.9,40.8,30.4,35.6,36.3,39.8,37.6,33.7,49.5,35.3,47.0,28.2,29.7,36.6,40.0,35.0,48.5,48.0,3.1,2.1
1770632161.3544424,36.3,45.1,39.8,41.2,31.7,43.1,34.7,40.8,26.5,35.3,40.2,33.0,34.7,41.6,41.7,38.2,36.9,37.3,37.9,37.0,40.8,46.1,4.0,3.0
1770632162.3545232,40.6,38.6,34.3,42.6,36.6,46.5,42.2,40.6,40.6,40.0,41.2,39.2,42.2,40.2,41.7,37.0,40.4,39.6,43.0,42.7,41.6,41.6,3.1,4.0
1770632163.3546033,52.5,51.5,36.3,44.1,35.6,45.5,37.6,36.6,37.5,33.7,38.8,38.0,38.6,35.6,30.0,46.6,34.7,33.3,37.6,39.0,37.3,40.6,4.0,4.0
1770632164.3548846,39.4,41.2,42.0,50.5,37.0,48.0,42.4,51.5,46.5,41.6,44.1,40.2,49.0,39.0,47.1,47.5,41.6,52.0,37.3,52.9,43.6,44.1,4.0,3.0
1770632165.3554788,55.0,47.5,51.0,60.8,47.1,51.0,42.2,55.0,52.9,48.5,48.5,46.0,44.6,45.1,52.0,49.0,49.5,55.4,52.0,45.1,47.0,50.5,2.1,2.1
1770632166.3555639,51.0,58.8,49.5,47.5,37.8,57.0,53.4,43.1,57.0,40.6,52.9,52.5,52.5,49.5,48.5,53.5,57.4,38.6,48.1,53.0,58.0,47.5,4.0,6.1
1770632167.3556378,52.5,55.0,49.5,40.6,53.9,48.0,49.5,45.0,47.5,44.6,52.0,50.0,50.5,48.0,53.5,47.1,52.5,44.4,47.5,48.5,52.4,50.5,6.1,5.2
1770632168.3566222,50.5,49.5,53.0,39.6,46.0,41.6,52.0,61.8,51.0,44.6,40.2,46.1,47.5,52.5,44.1,44.1,47.1,45.6,45.1,47.0,41.6,46.6,5.1,3.1
1770632169.3566906,37.4,42.6,41.6,49.5,45.5,49.0,49.0,43.7,45.0,43.1,51.0,41.0,40.0,51.5,52.5,37.0,39.6,41.6,48.0,46.5,47.5,34.0,4.0,4.1
1770632170.356778,48.5,40.6,46.0,52.9,47.0,46.0,53.0,43.7,43.1,55.8,41.2,52.0,46.6,53.9,45.6,47.1,45.6,50.0,50.0,49.0,46.1,45.0,2.0,5.1
1770632171.3568597,62.2,47.1,41.6,51.5,48.5,44.6,47.5,48.0,43.7,54.5,43.7,37.9,44.6,47.0,39.6,41.6,55.9,42.2,36.9,45.1,41.0,43.3,3.0,3.0
1770632172.3569298,53.4,45.0,44.7,51.0,61.4,48.1,52.5,49.5,53.5,55.9,49.5,48.0,52.0,48.0,50.0,45.1,53.5,42.6,45.5,55.4,51.9,57.4,6.1,4.1
1770632173.3570611,40.8,53.9,51.5,49.0,57.4,51.5,49.5,52.0,53.5,46.5,46.5,51.5,45.0,38.6,58.3,43.6,49.5,54.5,43.0,59.4,42.0,42.6,12.2,4.1
1770632174.3571324,44.1,37.6,58.4,34.7,45.1,44.6,37.9,48.0,41.6,52.5,59.4,43.6,41.2,45.6,45.5,44.0,41.7,49.5,38.5,47.1,45.0,46.6,8.0,5.1
1770632175.357496,48.0,35.6,50.0,32.4,42.0,41.6,38.2,64.1,36.6,33.3,35.3,33.3,31.7,49.0,36.3,34.7,33.7,35.3,43.0,40.0,36.3,40.0,3.0,5.0
1770632176.3575783,47.1,43.7,43.0,51.5,37.6,40.6,40.0,37.3,40.4,39.2,40.8,40.8,31.4,48.5,43.1,42.3,34.3,37.6,40.8,36.3,33.7,44.7,2.0,6.1
1770632177.3576477,55.0,35.0,46.6,42.0,42.6,39.4,42.7,33.7,41.0,32.7,47.1,42.2,37.3,45.1,41.0,39.6,44.4,42.7,35.6,41.6,36.3,44.1,5.1,7.2
1770632178.3577278,48.0,46.5,47.0,49.0,47.5,49.0,47.0,41.6,46.1,47.0,37.6,55.4,35.3,49.0,44.1,38.6,38.6,45.5,41.6,47.5,45.5,41.6,3.1,4.0
1770632179.3578017,46.6,53.4,43.6,47.6,37.6,42.2,39.6,42.2,37.5,40.8,44.6,47.0,38.6,40.8,47.5,40.2,47.6,37.3,42.7,43.7,50.5,34.6,4.1,2.0
1770632180.3578672,50.5,46.6,39.2,42.2,42.7,41.2,34.7,43.6,45.1,37.9,48.0,54.3,42.7,40.6,46.1,35.6,39.0,38.2,41.2,32.4,47.1,33.7,4.0,3.0
1770632181.3581302,43.6,42.4,44.1,42.2,48.5,32.7,40.2,36.9,36.6,37.6,39.6,39.0,39.2,37.3,28.7,29.0,51.5,37.3,40.2,40.6,33.3,39.2,2.1,3.1
1770632182.3582072,38.0,33.3,30.7,38.2,36.4,38.2,38.6,41.0,33.7,30.0,52.9,35.3,29.7,37.3,38.2,40.2,42.6,54.0,33.7,32.4,34.3,34.7,4.0,5.0
1770632183.3582919,41.0,41.6,39.8,37.6,37.3,40.2,40.6,37.6,37.6,48.5,42.6,50.0,39.0,35.6,46.1,42.6,40.6,50.0,40.6,43.0,35.0,36.0,4.1,4.1
1770632184.3583603,38.0,40.0,36.0,42.6,34.7,36.3,49.0,32.7,42.0,44.6,40.6,43.6,39.2,30.8,33.0,27.5,29.7,29.4,35.3,34.7,34.0,28.4,5.0,4.1
1770632185.3584425,46.5,40.6,46.1,42.7,39.8,48.0,46.0,41.2,38.8,37.9,50.5,42.2,38.2,41.2,35.0,46.5,32.0,34.0,46.1,41.2,49.5,43.7,2.0,5.9
1770632186.3585267,48.5,49.5,50.5,46.5,41.0,40.6,37.3,43.6,42.0,41.6,46.1,43.6,46.5,43.0,38.6,41.6,51.0,47.5,45.5,38.6,44.6,33.3,4.0,2.0
1770632187.358618,45.5,52.0,41.2,45.6,35.6,48.0,36.6,43.1,45.1,49.5,56.9,45.6,41.3,34.3,42.2,46.6,34.0,47.5,35.0,40.6,38.2,47.0,2.0,2.0
1770632188.3586953,49.0,46.1,43.6,42.0,48.0,46.6,49.5,41.6,44.4,51.5,46.6,43.4,57.4,46.0,41.7,49.0,39.2,53.9,43.1,47.5,44.6,41.2,4.0,4.1
1770632189.35975,49.5,47.0,45.0,48.5,45.5,52.5,49.0,49.5,46.5,50.0,43.0,50.0,43.6,43.6,50.5,42.2,40.6,36.4,47.0,50.5,46.1,54.5,4.1,3.1
1770632190.3598228,46.5,41.6,49.0,41.7,39.6,43.0,31.0,57.4,37.9,42.6,38.6,49.5,46.5,44.1,46.5,41.2,42.6,30.4,47.1,37.6,36.6,45.1,4.1,6.0
1770632191.3598673,40.0,42.6,48.5,45.5,45.0,45.1,38.5,36.9,38.8,37.3,41.2,46.5,39.2,41.6,44.0,44.6,42.7,41.4,44.7,38.5,37.9,40.0,4.0,3.0
1770632192.359931,42.6,34.0,42.0,44.6,46.1,39.6,46.1,33.7,37.0,49.5,29.0,38.2,38.6,38.8,38.2,36.6,34.0,36.6,42.6,33.0,36.3,39.8,2.1,3.0
1770632193.361115,41.2,28.8,45.1,38.6,47.1,39.0,50.5,36.3,30.4,45.1,39.8,37.3,45.5,36.6,37.3,44.7,44.6,40.8,42.6,39.0,43.1,33.7,3.0,3.0
1770632194.361196,46.0,47.5,45.1,48.5,43.1,45.1,46.5,44.0,43.1,40.2,38.6,36.6,44.7,37.6,45.5,46.1,40.6,44.1,43.6,47.1,52.5,50.5,5.1,3.0
1770632195.3612905,36.4,44.0,44.6,50.5,44.2,47.6,42.2,39.6,33.0,48.5,40.0,42.0,43.6,45.1,38.6,45.0,36.6,35.6,50.5,42.6,45.6,49.5,3.0,5.1
1770632196.3613875,43.0,32.0,39.6,48.0,50.0,31.7,32.7,40.6,41.7,32.4,41.7,39.2,44.1,41.6,35.3,32.7,40.6,51.5,33.7,36.6,45.1,60.2,5.0,5.1
1770632197.3614705,42.7,35.4,38.2,32.7,41.4,35.6,44.7,33.3,37.3,37.6,50.0,30.7,39.2,38.2,33.7,37.6,36.6,36.6,45.6,42.6,51.0,31.4,3.0,2.0
1770632198.3615594,42.0,33.3,24.8,39.6,37.3,36.9,47.5,41.7,35.6,27.7,34.0,38.6,34.3,40.6,36.6,36.6,34.3,34.3,36.0,36.3,49.0,30.7,4.0,4.0
1770632199.3616257,51.5,41.2,35.0,46.1,35.0,35.4,28.4,41.0,40.0,43.7,40.6,48.5,39.2,24.0,37.6,30.7,43.1,36.6,42.2,38.0,47.0,37.6,3.1,20.8
1770632200.3617046,37.6,33.7,32.4,38.8,28.7,34.7,29.4,43.7,39.6,37.3,35.3,36.9,32.4,36.3,39.4,28.4,39.6,44.7,36.3,32.0,43.7,50.5,2.0,3.1
1770632201.3617764,37.1,45.0,33.0,51.5,32.4,48.0,33.0,38.0,34.7,32.0,27.7,45.5,42.2,41.2,32.0,38.2,46.5,31.0,38.2,22.8,46.5,30.7,6.0,3.0
1770632202.3618653,50.0,34.3,42.0,51.0,46.0,42.6,41.6,38.6,38.2,50.0,47.5,34.3,45.1,35.9,44.6,38.2,32.0,50.5,46.0,41.2,39.8,44.1,5.1,7.1
1770632203.3623915,53.0,52.5,58.8,52.5,53.9,53.5,53.5,53.0,54.0,58.0,47.0,47.6,51.0,47.5,53.0,53.9,47.6,55.4,50.5,58.4,45.5,57.4,5.2,5.2
1770632204.362477,58.4,53.5,44.6,53.9,48.0,46.6,50.5,50.5,54.5,45.5,46.1,52.0,45.5,45.0,48.0,48.5,55.0,48.5,50.0,53.9,49.5,48.5,9.1,6.1
1770632205.362562,46.0,55.4,50.0,47.0,52.5,50.5,48.5,51.0,46.5,50.5,43.6,49.0,50.5,48.0,58.4,54.5,52.5,45.5,45.5,46.5,49.0,55.9,4.0,4.1
1770632206.3626409,47.5,48.0,50.0,50.0,51.5,44.1,49.5,41.2,47.0,48.0,46.1,42.0,50.0,48.5,50.0,50.0,47.1,49.5,53.4,42.2,65.3,53.9,5.1,4.1
1770632207.3627293,57.8,59.6,50.5,37.0,52.5,42.0,47.1,48.5,45.5,52.9,46.5,44.6,46.1,52.9,51.0,47.5,43.0,54.8,52.4,46.0,50.5,50.0,6.0,8.2
1770632208.362818,43.9,45.0,59.2,43.6,52.5,50.0,43.6,42.0,51.0,46.5,47.0,46.5,53.9,54.9,52.5,44.1,54.9,45.5,50.0,50.0,48.0,55.4,4.1,13.3
1770632209.3634408,51.5,49.0,51.0,58.0,52.5,42.6,48.5,45.5,48.0,52.0,45.0,57.4,47.5,43.6,47.5,48.0,49.0,43.1,45.5,64.1,45.0,48.0,5.1,3.1
1770632210.363526,53.5,49.5,51.5,48.5,47.5,48.0,44.1,52.0,50.5,48.5,53.4,45.6,51.5,54.9,47.1,49.5,51.0,52.9,45.1,44.1,49.5,52.0,3.1,5.0
1770632211.363603,46.5,49.5,49.0,48.0,46.5,49.0,52.0,52.5,49.0,57.4,53.0,52.5,50.0,44.1,47.5,52.4,47.1,50.5,45.0,44.6,49.5,52.0,6.1,2.1
1770632212.3636959,56.9,53.9,49.5,56.4,49.5,49.5,45.5,53.9,50.0,47.5,55.4,51.0,51.0,47.5,45.0,46.5,41.6,53.0,54.9,46.5,52.5,49.5,5.1,5.1
1770632213.364094,53.0,52.5,54.5,48.5,56.0,53.5,53.5,47.5,44.6,50.5,54.9,54.0,51.0,57.4,56.3,52.5,52.5,55.3,51.5,46.5,52.0,48.5,5.2,5.1
1770632214.3646157,57.6,47.5,54.4,49.5,56.0,55.4,54.9,57.6,52.5,60.4,55.4,50.5,59.0,50.5,56.6,43.6,51.0,56.4,51.0,56.4,53.0,45.5,6.1,6.1
1770632215.364695,43.0,48.0,44.0,41.0,48.0,50.5,52.5,49.0,48.1,56.0,51.5,44.2,48.5,49.5,41.2,57.8,47.1,47.0,46.0,52.9,39.2,46.6,2.1,3.1
1770632216.3648834,46.0,45.5,48.0,53.4,45.0,52.5,50.5,56.9,45.5,48.5,50.5,49.5,46.0,56.0,47.0,56.4,50.0,41.6,46.1,52.0,51.5,55.4,5.1,5.1
1770632217.3649619,43.1,42.0,50.5,46.5,50.0,43.0,42.9,46.5,43.6,43.6,39.0,46.5,50.0,43.0,41.2,50.5,39.0,46.0,47.1,43.1,55.4,45.5,4.1,5.1
1770632218.3660257,47.5,47.1,40.6,49.5,58.8,49.5,41.6,42.6,47.1,39.6,54.9,43.1,43.7,46.1,41.6,44.0,48.0,52.0,48.0,37.0,49.0,40.0,3.1,2.1
1770632219.366098,53.9,49.0,65.3,48.0,49.0,54.5,50.0,46.0,46.9,49.0,60.4,41.0,43.0,49.5,47.5,51.5,48.0,48.5,45.1,46.1,46.5,52.9,5.2,7.0
1770632220.3661783,49.0,41.0,54.5,47.5,56.0,43.3,54.0,48.5,52.5,39.6,44.6,54.9,49.0,42.6,50.5,44.6,59.4,49.0,46.5,59.4,47.5,41.6,5.1,11.3
1770632221.3663862,48.5,43.1,49.5,51.5,45.0,55.4,48.5,57.8,54.4,49.5,50.0,57.0,38.6,53.9,49.5,47.6,54.9,47.6,47.0,43.6,45.5,51.0,16.3,4.0
1770632222.3664522,45.5,38.6,42.0,50.5,52.9,50.5,44.0,40.6,47.5,48.5,47.1,47.6,44.7,35.3,44.6,40.2,62.7,41.6,42.2,47.1,46.1,58.4,11.1,3.1
1770632223.366516,47.5,41.4,49.5,43.6,46.0,47.5,47.5,48.0,48.0,46.5,52.0,42.0,49.0,41.6,50.0,46.1,44.6,46.5,51.0,51.0,54.5,50.5,30.3,4.1
1770632224.3665905,39.0,47.5,47.5,46.5,47.5,42.6,52.0,50.0,56.4,51.0,49.5,41.6,55.0,44.6,46.5,41.2,48.0,49.0,45.1,52.0,37.0,50.0,23.2,3.1
1770632225.3677776,44.0,55.3,42.7,55.4,53.5,53.9,45.0,57.8,51.5,46.0,52.9,49.5,52.9,48.6,50.5,49.5,51.5,50.0,49.5,48.0,50.0,49.0,37.4,4.1
1770632226.3678608,53.5,49.0,57.6,50.0,47.0,45.0,58.0,48.5,49.0,54.9,49.0,51.5,39.0,54.5,53.5,45.0,47.0,49.5,53.5,50.5,46.0,52.5,5.1,14.9
1770632227.3679519,51.5,36.4,52.0,42.2,49.0,54.9,45.1,45.1,43.1,48.0,49.5,49.5,49.0,47.5,53.9,55.3,57.0,47.1,51.0,46.5,54.5,49.5,3.1,30.2
1770632228.3680427,53.5,48.1,52.9,41.6,46.5,49.0,46.0,47.1,55.4,46.0,47.0,46.1,44.6,43.6,50.5,57.0,51.0,48.5,53.5,48.0,45.1,47.1,3.1,11.0
1770632229.3681233,44.6,53.5,43.0,46.5,59.4,44.1,41.3,41.6,49.0,42.6,48.0,51.0,42.7,48.5,53.9,37.4,47.1,44.7,40.2,49.5,45.5,43.6,5.0,21.2
1770632230.3684,49.0,50.0,48.5,52.4,54.4,48.0,43.6,49.5,45.0,49.5,47.0,54.9,56.9,45.5,66.7,51.5,54.5,56.3,53.5,51.0,48.0,43.7,2.1,4.1
1770632231.3685927,52.0,52.5,52.5,50.5,56.0,56.4,42.0,55.9,55.4,57.0,55.9,48.0,45.5,45.5,47.5,56.4,49.5,45.1,50.0,50.5,45.1,54.9,5.1,5.1
1770632232.368674,53.0,62.7,54.5,52.0,49.5,51.5,53.5,58.0,52.5,57.4,59.0,47.0,47.5,51.5,50.0,59.4,51.0,52.9,49.5,53.5,50.0,50.0,5.1,6.1
1770632233.3687553,62.6,54.5,52.4,50.0,45.1,46.5,52.9,41.2,52.5,55.9,52.5,44.1,49.5,42.6,51.0,44.6,43.6,56.4,55.9,45.6,48.0,45.6,4.1,4.1
1770632234.3690116,47.5,50.5,48.5,42.2,52.5,54.9,45.0,52.0,47.5,50.5,42.2,43.6,52.4,44.7,50.0,44.6,60.6,52.0,50.5,48.5,56.0,48.5,6.2,2.1
1770632235.369082,52.0,47.1,46.0,51.5,41.0,46.0,44.6,49.0,41.6,42.2,47.0,50.5,47.5,54.9,51.0,49.0,48.5,43.1,43.6,53.5,45.2,52.9,3.1,6.0
1770632236.3691628,44.6,42.0,47.1,50.0,56.4,49.0,42.2,48.0,53.9,45.5,46.1,43.6,50.0,38.6,51.0,49.5,40.6,40.4,52.9,49.0,50.0,37.6,5.1,3.0
1770632237.369244,45.0,47.5,45.5,54.5,55.4,53.9,48.5,48.5,47.0,47.5,42.0,46.1,37.3,48.5,48.0,50.0,51.0,41.2,45.0,54.5,51.5,46.0,5.2,7.1
1770632238.3693497,47.1,50.0,52.5,51.0,48.0,41.6,54.0,51.0,47.5,48.5,50.5,53.9,41.2,52.5,45.5,46.5,48.5,53.0,43.7,48.5,48.5,50.0,5.1,2.1
1770632239.3705666,53.0,54.4,56.9,50.0,45.5,57.8,46.5,46.5,42.7,46.6,50.5,49.0,44.1,49.5,51.5,52.0,49.0,46.5,46.0,43.1,47.5,57.4,5.1,4.0
1770632240.3706462,46.5,55.4,58.4,55.3,63.7,55.0,52.0,44.1,55.6,48.0,53.5,58.4,45.0,48.5,52.9,49.5,53.5,47.0,44.7,36.6,46.1,48.0,3.1,4.1
1770632241.3707292,45.0,51.5,47.0,44.0,50.5,49.0,43.6,57.0,46.5,46.1,51.5,56.9,43.6,47.1,53.0,47.5,47.5,39.8,47.5,47.1,43.0,50.5,6.0,5.0
1770632242.3708122,48.0,53.9,43.6,43.6,43.0,48.5,41.2,45.0,43.1,48.0,48.5,53.5,43.1,49.0,46.6,56.3,47.5,46.0,42.0,52.4,39.8,51.0,3.1,3.1
1770632243.370896,47.5,45.5,42.0,45.0,47.6,40.6,52.0,42.7,49.0,60.8,51.0,41.2,46.5,49.0,51.0,43.7,46.5,36.0,37.3,56.4,39.6,51.0,4.1,5.1
1770632244.370977,51.0,51.0,52.0,51.0,45.5,49.0,44.0,42.0,49.5,57.4,49.5,48.0,48.0,40.8,43.6,40.6,47.5,41.6,50.0,38.6,46.5,46.1,4.1,3.1
1770632245.3714857,51.0,49.0,47.1,58.0,51.5,52.5,50.0,52.5,49.5,46.5,47.5,50.0,44.6,51.5,48.5,49.5,52.9,55.9,46.5,47.1,42.2,52.9,2.0,18.2
1770632246.371579,40.0,49.5,50.0,57.8,58.8,58.4,44.0,46.5,46.5,46.0,41.0,47.5,51.0,51.5,42.4,50.0,45.1,47.5,47.1,38.4,46.5,57.3,3.0,19.0
1770632247.371656,46.5,49.0,46.6,48.1,50.5,53.9,49.5,44.7,46.5,48.5,51.5,45.1,51.0,48.0,48.5,46.5,65.3,52.5,52.9,49.5,54.9,48.0,3.0,35.4
1770632248.371942,43.0,51.5,52.9,52.5,55.9,58.4,50.5,47.1,47.5,53.4,47.5,47.5,43.6,50.0,49.0,45.1,44.6,47.5,48.0,42.6,47.5,44.1,5.1,30.3
1770632249.3720205,54.5,64.0,57.0,47.5,56.6,48.0,53.9,53.0,52.0,49.5,48.5,50.0,54.9,55.4,48.5,52.9,53.5,56.4,49.5,51.5,51.0,53.5,6.1,5.2
1770632250.3721824,57.8,58.0,55.4,54.5,49.0,50.5,50.5,55.0,49.0,52.9,57.8,53.5,48.5,60.8,48.5,57.0,54.5,45.5,47.5,53.9,55.9,52.0,9.2,9.2
1770632251.3739092,50.0,51.5,54.0,54.5,55.0,49.0,49.0,55.9,51.5,53.0,49.5,46.1,55.3,50.0,58.8,47.5,53.5,50.5,47.1,58.4,50.5,53.5,6.2,22.0
1770632252.3739877,52.5,49.0,49.0,50.5,51.5,56.3,55.4,52.9,50.5,49.0,52.5,58.0,44.0,56.9,54.5,53.5,47.5,50.5,43.0,57.8,53.4,49.5,5.1,29.6
1770632253.3741918,46.5,48.5,45.6,50.0,58.3,51.5,46.5,56.4,57.8,44.6,50.5,52.5,60.4,46.5,47.5,53.5,52.5,47.1,52.9,54.9,50.5,38.0,12.1,15.2
1770632254.375406,51.5,53.0,49.0,45.0,48.0,47.5,52.0,45.5,45.1,53.5,50.5,50.0,54.9,59.8,43.6,53.5,54.5,44.0,47.1,49.0,51.5,51.5,22.4,18.4
1770632255.375488,49.0,60.0,47.5,49.5,51.5,53.5,54.5,52.9,52.9,47.0,47.0,46.1,47.5,40.6,44.6,45.6,44.1,38.2,45.5,53.4,43.6,46.5,5.0,38.0
1770632256.3760176,46.5,47.6,40.0,47.5,48.5,41.7,33.0,54.0,40.4,47.1,36.3,45.0,44.1,42.2,43.0,45.5,40.8,47.5,46.5,35.4,46.0,39.2,4.1,4.0
1770632257.376113,49.0,40.0,45.5,46.0,52.5,48.0,48.0,53.5,50.5,51.5,52.5,38.0,57.0,45.5,44.1,49.0,45.9,48.0,53.5,45.0,46.5,45.6,1.0,5.1
1770632258.377899,51.5,48.5,57.8,56.4,56.6,54.5,49.0,59.4,50.5,53.9,57.4,53.9,51.5,55.4,53.9,56.0,61.4,59.4,50.0,55.4,52.0,55.6,5.1,3.1
1770632259.377983,47.5,45.1,49.0,49.5,52.0,45.1,44.0,55.4,50.0,47.5,51.5,52.4,52.4,49.5,50.5,55.9,42.6,51.5,37.4,46.1,54.0,50.0,5.1,3.1
1770632260.378054,51.5,47.1,50.5,44.0,51.5,42.6,54.5,42.0,48.5,52.4,48.5,40.0,47.5,51.0,58.8,48.5,45.1,47.0,49.5,46.5,52.0,44.6,6.1,5.1
1770632261.3781202,46.1,49.0,55.9,46.1,50.5,47.1,50.0,44.6,44.4,48.0,46.1,51.0,52.0,45.5,44.6,46.5,48.5,45.5,52.0,49.0,46.0,46.5,6.1,5.0
1770632262.3782046,46.0,53.9,54.5,48.5,56.0,55.0,47.5,45.5,47.1,52.5,43.6,50.0,44.4,50.5,48.5,42.6,45.1,48.1,53.9,48.0,43.6,49.0,4.0,3.1
1770632263.3795068,44.1,43.6,56.6,41.6,50.5,54.0,45.5,44.6,51.5,51.0,43.6,52.9,46.1,45.1,43.7,45.1,52.9,48.5,53.9,50.0,42.2,45.5,3.1,4.1
1770632264.3803277,37.4,47.5,49.0,51.5,48.0,50.5,44.7,36.0,44.7,44.6,41.0,42.4,41.7,48.0,39.6,45.6,41.6,44.6,39.4,37.9,44.1,42.7,3.1,6.9
1770632265.3803961,34.3,41.2,45.5,50.5,41.2,51.0,45.1,34.3,45.5,35.3,50.5,44.1,42.0,46.5,42.0,36.6,33.0,38.2,39.6,35.6,44.6,33.7,3.0,3.1
1770632266.3804772,42.6,42.6,52.5,51.0,38.0,48.5,44.0,45.1,43.0,41.2,42.0,41.7,46.0,42.6,51.5,47.5,41.6,47.1,44.6,48.5,45.5,42.2,4.1,6.1
1770632267.3805523,53.5,47.1,41.0,46.0,42.2,47.6,39.0,47.5,42.6,40.4,49.0,41.0,47.1,36.6,45.1,37.3,44.1,39.6,37.3,39.4,42.2,39.6,5.1,2.0
1770632268.3806229,34.3,38.6,34.0,36.9,29.0,41.2,39.8,35.0,37.3,34.3,44.1,43.7,34.7,34.3,33.3,40.0,35.3,28.7,31.4,32.4,35.9,43.7,3.0,4.0
1770632269.3806875,48.0,42.6,47.0,39.6,53.5,32.3,45.5,47.1,44.7,53.9,45.5,42.6,42.2,37.9,37.6,46.6,45.0,38.0,42.6,38.6,44.6,44.6,5.1,3.1
1770632270.3807595,41.2,37.3,36.9,31.4,42.7,29.1,32.4,32.4,34.7,45.2,37.9,27.9,34.3,33.0,42.2,31.4,36.6,35.6,42.2,33.7,39.0,41.2,3.1,2.0
1770632271.3808484,38.4,40.6,42.0,41.2,45.1,43.6,44.6,42.0,47.5,41.0,40.4,41.0,40.6,41.2,45.6,32.0,41.2,39.6,39.0,41.2,36.5,42.7,4.0,3.1
1770632272.3809366,38.2,39.2,44.6,38.2,37.6,35.9,35.0,31.7,25.5,39.2,46.5,40.6,38.0,46.6,51.5,38.6,40.2,34.7,33.3,38.6,36.4,45.5,4.0,2.0
1770632273.381018,25.3,11.9,15.8,22.8,18.6,29.0,21.0,13.7,11.9,22.0,15.7,11.9,31.4,18.0,25.7,17.6,17.0,17.8,17.8,18.8,37.3,19.4,1.0,1.0
1770632274.381103,20.6,23.5,20.8,25.0,19.6,22.5,25.5,19.8,25.0,24.5,14.6,16.8,36.3,13.7,28.7,13.9,27.7,11.9,12.0,15.8,35.6,38.6,8.0,1.0
1770632275.38119,10.4,8.9,13.7,10.7,7.0,24.5,19.6,5.0,22.8,38.0,10.0,27.7,30.7,11.9,26.0,8.0,29.0,5.9,10.8,12.7,14.9,42.6,0.0,0.0
1770632276.3812728,6.2,7.9,9.9,9.0,6.9,23.0,18.6,6.9,18.8,18.8,11.9,31.4,11.9,11.0,24.8,5.0,31.1,5.9,10.9,10.9,11.9,39.2,0.0,0.0
1770632277.3813658,8.0,8.9,10.9,9.9,5.9,24.5,19.4,6.0,27.7,5.0,7.0,28.7,4.0,10.9,23.0,4.9,30.7,5.0,10.8,11.8,24.8,23.0,1.0,1.0
1770632278.381451,7.1,8.9,8.8,11.8,5.0,22.0,14.0,4.0,23.8,5.0,11.8,30.4,7.0,11.9,9.9,5.0,18.8,6.0,8.0,10.0,9.8,40.6,0.0,0.0
1770632279.3815193,5.1,6.9,5.9,6.0,5.9,21.8,12.9,5.0,20.0,5.9,4.0,31.7,5.0,9.9,5.0,5.0,6.9,6.9,5.9,4.0,6.0,36.0,1.0,0.0
1770632280.3816094,8.2,6.9,8.1,9.0,9.0,7.0,12.7,6.0,19.2,10.0,5.9,29.4,7.0,7.1,7.0,8.0,7.0,8.9,8.8,7.9,6.1,6.9,3.0,0.0
1770632281.381705,7.9,6.0,5.9,6.9,5.9,7.0,11.9,5.9,5.9,6.0,5.9,13.9,5.9,5.9,6.0,5.9,5.0,6.9,11.9,6.0,5.9,7.9,0.0,0.0
1770632282.3818038,4.0,4.0,3.0,3.0,5.9,4.0,8.9,4.0,4.0,3.9,3.0,9.9,4.0,4.0,5.0,5.0,3.0,4.0,11.0,4.0,5.0,5.0,0.0,0.0
1770632283.3818922,2.0,1.0,1.0,2.0,1.0,1.0,6.9,1.0,2.0,1.0,2.0,7.9,2.0,3.0,1.0,1.0,2.0,2.0,8.9,2.0,2.0,2.0,1.0,1.0
1770632284.3819695,2.0,1.0,2.0,1.0,2.0,2.0,7.0,1.0,2.0,2.0,2.9,8.9,2.9,3.0,3.0,1.0,2.0,2.0,6.9,0.0,2.0,2.0,0.0,0.0
1770632285.3820486,1.0,1.0,2.0,2.0,2.0,1.0,7.9,1.0,2.0,1.0,2.0,8.9,3.0,3.0,3.0,2.0,1.0,1.0,7.8,2.0,2.0,2.0,0.0,0.0
1770632286.3821406,4.2,5.0,3.0,3.0,4.0,4.0,9.8,2.0,4.0,4.0,4.0,10.8,3.0,4.0,4.0,3.0,2.0,4.0,9.9,2.0,3.0,2.0,3.0,3.0
1770632287.3822207,2.1,3.0,4.0,3.0,2.0,3.0,4.0,2.0,3.0,3.0,2.0,5.0,4.0,2.0,3.9,2.0,3.0,2.0,7.0,1.0,2.0,2.0,2.0,0.0
